team,player,position,age,career_goals,goals_2024_26,goals_wc2026,pen_goals,first_year,last_year,fatigue
Portugal,Cristiano Ronaldo,Offence,41,123,15,2,21,2004,2026,media
England,Harry Kane,Offence,32,71,16,2,23,2015,2026,baja
Argentina,Lionel Messi,Offence,39,68,11,5,14,2006,2026,media
Belgium,Romelu Lukaku,Offence,33,64,4,0,7,2013,2025,alta
Bosnia-Herzegovina,Edin Džeko,Offence,40,58,8,0,2,2007,2026,media
Colombia,Luis Suárez,Offence,28,51,5,0,9,2007,2025,baja
Norway,Erling Haaland,Offence,25,50,27,4,5,2020,2026,baja
France,Kylian Mbappé,Offence,27,49,12,4,10,2017,2026,baja
Netherlands,Memphis Depay,Offence,32,44,10,0,11,2014,2025,baja
Egypt,Mohamed Salah,Offence,34,34,11,1,7,2012,2026,media
Qatar,Almoez Ali,Offence,29,34,9,0,4,2019,2024,baja
Brazil,Neymar,Offence,34,33,0,0,8,2011,2023,alta
Iran,Mehdi Taremi,Offence,33,33,11,0,4,2015,2025,media
New Zealand,Chris Wood,Offence,34,30,9,0,2,2012,2025,media
Croatia,Ivan Perišić,Offence,37,30,5,0,1,2012,2025,media
Belgium,Kevin De Bruyne,Midfield,34,30,9,0,4,2012,2025,media
Croatia,Andrej Kramarić,Offence,35,28,8,0,2,2014,2025,media
Ecuador,Enner Valencia,Offence,36,26,6,0,6,2014,2025,alta
Croatia,Luka Modrić,Midfield,40,24,3,0,9,2006,2025,alta
Senegal,Sadio Mané,Offence,34,24,6,0,5,2012,2026,media
Colombia,James Rodríguez,Midfield,34,23,3,0,6,2012,2025,alta
Canada,Cyle Larin,Offence,31,23,3,2,2,2015,2026,baja
Argentina,Lautaro Martínez,Offence,28,22,9,0,0,2019,2025,baja
Canada,Jonathan David,Offence,26,22,7,3,2,2019,2026,baja
Qatar,Akram Afif,Offence,29,22,12,0,7,2015,2025,baja
Mexico,Raúl Jiménez,Offence,35,21,4,1,6,2013,2026,alta
Czechia,Patrik Schick,Offence,30,21,6,0,3,2018,2026,baja
Netherlands,Cody Gakpo,Offence,27,21,12,2,5,2021,2026,baja
Norway,Alexander Sørloth,Offence,30,21,8,0,0,2019,2025,baja
Spain,Mikel Oyarzabal,Midfield,29,20,13,2,3,2019,2026,baja
Iraq,Aymen Hussein,Offence,30,20,16,1,3,2017,2026,baja
Portugal,Bruno Fernandes,Midfield,31,19,6,0,3,2019,2025,baja
Austria,Marcel Sabitzer,Midfield,32,19,6,0,4,2015,2025,baja
Scotland,John McGinn,Midfield,31,19,3,1,0,2019,2026,baja
Switzerland,Breel Embolo,Offence,29,18,7,1,2,2015,2026,baja
Sweden,Viktor Gyökeres,Offence,28,18,14,1,2,2022,2026,baja
Haiti,Duckens Nazon,Offence,32,18,6,0,2,2015,2025,baja
United States,Christian Pulisic,Offence,27,17,1,0,2,2016,2024,baja
Colombia,Luis Díaz,Offence,29,17,8,1,1,2021,2026,baja
Uzbekistan,Eldor Shomurodov,Offence,30,17,4,0,0,2015,2025,baja
Germany,Kai Havertz,Offence,27,16,6,2,4,2020,2026,baja
Ghana,Jordan Ayew,Offence,34,16,9,0,5,2012,2025,media
Algeria,Riyad Mahrez,Offence,35,16,4,0,2,2015,2025,alta
Austria,Michael Gregoritsch,Offence,32,16,8,0,0,2019,2025,baja
England,Marcus Rashford,Offence,28,15,2,1,3,2017,2026,baja
Turkey,Hakan Çalhanoğlu,Midfield,32,15,4,0,6,2015,2025,baja
Senegal,El Hadji Diouf,Defence,21,15,0,0,1,2001,2008,baja
Germany,Leon Goretzka,Midfield,31,14,1,0,0,2017,2025,baja
Japan,Ayase Ueda,Offence,27,14,9,2,2,2023,2026,baja
Switzerland,Granit Xhaka,Midfield,33,14,3,1,3,2012,2026,media
Scotland,Scott McTominay,Midfield,29,14,6,0,1,2021,2025,baja
Germany,Leroy Sané,Offence,30,13,4,1,0,2018,2026,baja
Portugal,Bernardo Silva,Midfield,31,13,3,0,0,2017,2025,baja
Sweden,Alexander Isak,Offence,26,13,5,1,0,2019,2026,baja
Senegal,Ismaïla Sarr,Midfield,28,13,6,2,1,2017,2026,baja
Austria,Christoph Baumgartner,Midfield,26,13,4,0,0,2020,2025,baja
Panama,Ismael Díaz,Offence,29,13,8,0,2,2017,2025,baja
England,Bukayo Saka,Offence,24,12,2,0,0,2021,2025,baja
Czechia,Tomáš Souček,Midfield,31,12,4,0,2,2019,2025,baja
Morocco,Ayoub El Kaabi,Offence,33,12,7,0,0,2021,2025,media
Austria,David Alaba,Defence,34,11,0,0,5,2012,2019,alta
Iraq,Mohanad Ali,Offence,26,11,3,0,0,2019,2025,baja
Netherlands,Denzel Dumfries,Defence,30,11,5,0,0,2021,2025,baja
Netherlands,Donyell Malen,Midfield,27,11,6,0,0,2019,2025,baja
Spain,Mikel Merino,Midfield,30,10,9,0,0,2023,2025,baja
Spain,Dani Olmo,Midfield,28,10,4,0,0,2019,2025,baja
Ghana,Thomas Partey,Midfield,33,10,3,0,0,2017,2025,alta
Portugal,João Cancelo,Defence,32,10,2,0,0,2016,2025,baja
Japan,Daichi Kamada,Midfield,29,10,6,2,0,2019,2026,baja
Australia,Jackson Irvine,Midfield,33,10,5,0,0,2017,2025,media
Switzerland,Remo Freuler,Midfield,34,10,2,0,0,2019,2024,media
Belgium,Thomas Meunier,Defence,34,10,2,0,0,2016,2025,alta
Belgium,Youri Tielemans,Midfield,29,10,5,0,1,2019,2025,baja
Haiti,Frantzdy Pierrot,Offence,31,10,3,0,0,2019,2025,baja
Iran,Alireza Jahanbakhsh,Offence,32,10,2,0,3,2016,2024,baja
Jordan,Ali Olwan,Offence,26,10,10,1,3,2024,2026,baja
Netherlands,Wout Weghorst,Offence,33,10,3,0,1,2021,2024,alta
Scotland,Lyndon Dykes,Offence,30,10,1,0,1,2020,2025,baja
Brazil,Raphinha,Offence,29,9,5,0,3,2021,2025,baja
Portugal,João Félix,Offence,26,9,3,0,0,2020,2025,baja
Australia,Harry Souttar,Defence,27,9,1,0,0,2019,2024,baja
Australia,Mathew Leckie,Midfield,35,9,0,0,0,2015,2022,alta
Switzerland,Zeki Amdouni,Offence,25,9,3,0,1,2023,2024,baja
Croatia,Mario Pašalić,Midfield,31,9,1,0,0,2021,2025,baja
Croatia,Nikola Vlašić,Midfield,28,9,2,0,0,2019,2025,baja
Canada,Alphonso Davies,Defence,25,9,0,0,1,2017,2022,baja
Iran,Mohammad Mohebi,Offence,27,9,7,1,0,2019,2026,baja
Panama,Cecilio Waterman,Midfield,35,9,2,0,0,2021,2025,alta
Congo DR,Cédric Bakambu,Offence,35,9,4,0,1,2017,2025,media
Uzbekistan,Igor Sergeev,Offence,33,9,2,0,0,2015,2025,alta
Netherlands,Virgil van Dijk,Defence,34,9,3,1,1,2018,2026,media
Uruguay,Darwin Núñez,Offence,27,8,2,0,1,2020,2024,baja
Germany,Joshua Kimmich,Midfield,31,8,4,0,2,2016,2025,baja
Germany,Jamal Musiala,Midfield,23,8,7,1,0,2021,2026,baja
Brazil,Lucas Paquetá,Midfield,28,8,2,0,1,2021,2025,baja
Portugal,Gonçalo Ramos,Offence,25,8,2,0,0,2022,2025,baja
New Zealand,Kosta Barbarouses,Offence,36,8,5,0,0,2012,2025,media
New Zealand,Elijah Just,Offence,26,8,7,2,0,2022,2026,baja
Belgium,Axel Witsel,Midfield,37,8,0,0,0,2011,2022,alta
Belgium,Leandro Trossard,Offence,31,8,2,0,0,2021,2025,baja
Panama,José Fajardo,Offence,32,8,5,0,0,2021,2025,baja
Qatar,Boualem Khoukhi,Defence,35,8,1,0,0,2015,2025,alta
Scotland,Ryan Christie,Midfield,31,8,3,0,3,2019,2025,baja
Germany,Florian Wirtz,Midfield,23,7,7,0,0,2024,2025,baja
Spain,Lamine Yamal,Offence,18,7,5,1,1,2023,2026,baja
Argentina,Julián Álvarez,Offence,26,7,2,0,0,2022,2024,baja
Mexico,Orbelín Pineda,Midfield,30,7,0,0,3,2017,2023,baja
France,Adrien Rabiot,Midfield,31,7,3,0,0,2021,2025,baja
New Zealand,Ben Waine,Offence,25,7,6,0,1,2022,2024,baja
Ecuador,Gonzalo Plata,Midfield,25,7,3,1,0,2020,2026,baja
Morocco,Achraf Hakimi,Defence,27,7,2,1,0,2017,2026,baja
Morocco,Ismael Saibari,Midfield,25,7,7,3,0,2025,2026,baja
Austria,Konrad Laimer,Midfield,29,7,3,0,0,2019,2025,baja
Canada,Tajon Buchanan,Midfield,27,7,3,0,0,2021,2025,baja
Congo DR,Yoane Wissa,Offence,29,7,5,1,1,2022,2026,baja
Ivory Coast,Franck Kessié,Midfield,29,7,5,1,2,2021,2026,baja
Qatar,Abdulaziz Hatem,Midfield,35,7,0,0,0,2019,2021,alta
Uzbekistan,Abbosbek Fayzullaev,Midfield,22,7,7,1,0,2024,2026,baja
Uruguay,Federico Valverde,Midfield,27,6,2,0,0,2017,2024,baja
Germany,Deniz Undav,Offence,29,6,6,3,0,2024,2026,baja
Paraguay,Antonio Sanabria,Offence,30,6,3,0,0,2017,2024,baja
Japan,Junya Ito,Offence,33,6,0,0,0,2021,2022,alta
England,Declan Rice,Midfield,27,6,3,0,0,2020,2025,baja
South Africa,Teboho Mokoena,Midfield,29,6,3,1,2,2002,2026,baja
Switzerland,Ruben Vargas,Midfield,27,6,1,0,0,2019,2024,baja
Sweden,Anthony Elanga,Offence,24,6,4,2,0,2022,2026,baja
Czechia,Ladislav Krejčí,Midfield,27,6,3,1,0,2014,2026,baja
Czechia,Vladimír Darida,Midfield,35,6,0,0,2,2015,2020,alta
Turkey,Merih Demiral,Defence,28,6,4,0,0,2021,2025,baja
Colombia,Yerry Mina,Defence,31,6,1,0,0,2016,2025,baja
Qatar,Mohammed Muntari,Offence,32,6,0,0,0,2015,2022,baja
Spain,Fabián Ruiz,Midfield,30,5,4,0,0,2019,2024,baja
Spain,Nico Williams,Offence,23,5,4,0,0,2023,2025,baja
Argentina,Nicolás Otamendi,Defence,38,5,1,0,0,2016,2024,alta
Argentina,Nicolás González,Offence,28,5,1,0,0,2020,2024,baja
Portugal,Rafael Leão,Offence,27,5,2,1,0,2022,2026,baja
Japan,Takefusa Kubo,Midfield,25,5,4,0,0,2023,2025,baja
England,Jude Bellingham,Midfield,22,5,4,1,0,2022,2026,baja
France,Ousmane Dembélé,Offence,29,5,3,1,0,2021,2026,baja
Switzerland,Johan Manzambi,Midfield,20,5,5,3,0,2025,2026,baja
Czechia,Pavel Šulc,Midfield,25,5,5,0,0,2024,2026,baja
Croatia,Ante Budimir,Offence,34,5,4,1,1,2023,2026,media
Turkey,Kaan Ayhan,Defence,31,5,1,1,0,2019,2026,baja
Belgium,Hans Vanaken,Midfield,33,5,2,0,0,2021,2025,alta
Morocco,Azzedine Ounahi,Midfield,26,5,3,0,0,2022,2025,baja
Egypt,Omar Marmoush,Offence,27,5,4,0,1,2021,2026,baja
Iran,Ramin Rezaeian,Defence,36,5,1,1,0,2015,2026,alta
Panama,José Luis Rodríguez,Midfield,28,5,3,0,0,2021,2025,baja
Cape Verde Islands,Garry Rodrigues,Midfield,35,5,1,0,0,2017,2024,alta
Ivory Coast,Amad Diallo,Midfield,23,5,5,1,0,2025,2026,baja
Ivory Coast,Nicolas Pépé,Offence,31,5,2,2,0,2021,2026,baja
Uzbekistan,Otabek Shukurov,Midfield,30,5,1,0,2,2016,2024,baja
Netherlands,Tijjani Reijnders,Midfield,27,5,5,0,0,2024,2025,baja
Norway,Thelo Aasgaard,Midfield,24,5,5,0,1,2025,2025,baja
Norway,Antonio Nusa,Midfield,21,5,5,0,0,2024,2025,baja
Curaçao,Juninho Bacuna,Midfield,28,5,3,0,0,2021,2025,baja
Curaçao,Gervane Kastaneer,Offence,30,5,5,0,0,2024,2025,baja
Curaçao,Kenji Gorré,Offence,31,5,3,0,0,2021,2025,baja
Uruguay,Maximiliano Araújo,Defence,26,4,4,2,0,2024,2026,baja
Germany,Nick Woltemade,Offence,24,4,4,0,0,2025,2025,baja
Paraguay,Julio Enciso,Offence,22,4,4,0,1,2024,2025,baja
Brazil,Marquinhos,Defence,32,4,0,0,0,2020,2023,baja
Brazil,Casemiro,Midfield,34,4,0,0,0,2019,2022,alta
Brazil,Matheus Cunha,Offence,27,4,4,3,0,2025,2026,baja
Portugal,Gonçalo Guedes,Midfield,29,4,0,0,0,2019,2022,baja
Japan,Keito Nakamura,Midfield,25,4,4,1,0,2024,2026,baja
Mexico,Edson Álvarez,Midfield,28,4,2,0,0,2017,2025,baja
Mexico,Alexis Vega,Offence,28,4,1,0,0,2019,2025,baja
United States,Weston McKennie,Midfield,27,4,0,0,0,2019,2022,baja
United States,Folarin Balogun,Offence,24,4,4,2,0,2024,2026,baja
France,Michael Olise,Offence,24,4,4,0,0,2025,2025,baja
France,Bradley Barcola,Offence,23,4,4,1,0,2024,2026,baja
South Africa,Themba Zwane,Midfield,36,4,3,0,0,2017,2024,alta
South Africa,Lyle Foster,Offence,25,4,4,0,0,2025,2025,baja
South Africa,Oswin Appollis,Offence,24,4,4,0,1,2025,2025,baja
South Africa,Evidence Makgopa,Offence,26,4,3,0,0,2021,2026,baja
Australia,Ajdin Hrustic,Midfield,29,4,1,0,0,2021,2024,baja
Australia,Awer Mabil,Midfield,30,4,0,0,0,2019,2021,baja
Switzerland,Manuel Akanji,Defence,30,4,1,0,0,2022,2025,baja
Switzerland,Silvan Widmer,Defence,33,4,1,0,0,2020,2025,media
Ecuador,Félix Torres,Defence,29,4,0,0,0,2021,2023,baja
Sweden,Yasin Ayari,Midfield,22,4,4,2,0,2024,2026,baja
Czechia,Tomáš Chorý,Offence,31,4,3,0,0,2023,2025,baja
Croatia,Joško Gvardiol,Defence,24,4,2,0,0,2021,2025,baja
Croatia,Mateo Kovačić,Midfield,32,4,0,0,0,2020,2023,baja
Turkey,İrfan Kahveci,Midfield,30,4,2,0,0,2021,2024,baja
Turkey,Kenan Yıldız,Offence,21,4,4,0,0,2024,2025,baja
Senegal,Pape Gueye,Midfield,27,4,4,0,0,2024,2026,baja
Senegal,Nicolas Jackson,Offence,25,4,4,0,1,2025,2025,baja
Belgium,Maxim De Cuyper,Defence,25,4,4,0,0,2024,2025,baja
Belgium,Charles De Ketelaere,Offence,25,4,2,0,0,2021,2025,baja
Austria,Stefan Posch,Defence,29,4,3,0,0,2019,2025,baja
Austria,Romano Schmid,Midfield,26,4,4,1,0,2024,2026,baja
Austria,Saša Kalajdžić,Offence,28,4,0,0,0,2021,2021,baja
Colombia,Daniel Muñoz,Defence,30,4,4,2,0,2024,2026,baja
Colombia,Juan Fernando Quintero,Midfield,33,4,2,0,0,2014,2025,baja
Colombia,Jhon Córdoba,Offence,33,4,4,0,0,2024,2025,baja
Iran,Ehsan Hajsafi,Defence,36,4,0,0,3,2015,2021,alta
Panama,Alberto Quintero,Midfield,38,4,0,0,0,2015,2021,alta
Panama,César Yanis,Midfield,30,4,2,0,0,2021,2025,baja
Cape Verde Islands,Jamiro Monteiro,Midfield,32,4,2,0,0,2021,2024,baja
Cape Verde Islands,Ryan Mendes,Offence,36,4,2,0,1,2021,2024,media
Congo DR,Chancel Mbemba,Defence,31,4,2,0,0,2017,2025,baja
Ivory Coast,Seko Fofana,Midfield,31,4,2,0,0,2023,2024,baja
Ivory Coast,Ibrahim Sangaré,Midfield,28,4,1,0,1,2021,2025,baja
Uzbekistan,Oston Urunov,Midfield,25,4,3,0,0,2023,2024,baja
Netherlands,Brian Brobbey,Offence,24,4,4,3,0,2024,2026,baja
Curaçao,Leandro Bacuna,Midfield,34,4,1,0,1,2019,2025,alta
Uruguay,Rodrigo Bentancur,Midfield,29,3,2,0,0,2022,2024,baja
Uruguay,Rodrigo Aguirre,Offence,31,3,3,0,0,2024,2025,baja
Spain,Pedri,Midfield,23,3,3,0,0,2025,2025,baja
Paraguay,Júnior Alonso,Defence,33,3,1,0,0,2017,2025,media
Paraguay,Omar Alderete,Defence,29,3,3,0,0,2024,2025,baja
Paraguay,Miguel Almirón,Midfield,32,3,1,0,1,2021,2024,baja
Paraguay,Matías Galarza,Midfield,24,3,3,1,0,2025,2026,baja
Argentina,Alexis Mac Allister,Midfield,27,3,2,0,0,2022,2025,baja
Argentina,Thiago Almada,Midfield,25,3,3,0,0,2024,2025,baja
Argentina,Enzo Fernández,Midfield,25,3,1,0,0,2022,2025,baja
Portugal,Diogo Dalot,Defence,27,3,1,0,0,2022,2024,baja
Portugal,Francisco Conceição,Offence,23,3,3,0,0,2024,2025,baja
Japan,Ao Tanaka,Midfield,27,3,1,0,0,2021,2024,baja
Japan,Daizen Maeda,Offence,28,3,2,1,0,2022,2026,baja
Japan,Koki Ogawa,Offence,28,3,3,0,0,2024,2024,baja
Mexico,César Montes,Defence,29,3,3,0,0,2025,2025,baja
Mexico,Luis Chávez,Midfield,30,3,0,0,0,2022,2023,baja
Mexico,Luis Romo,Midfield,31,3,1,1,0,2023,2026,baja
England,John Stones,Defence,32,3,0,0,0,2018,2021,baja
England,Jordan Henderson,Midfield,36,3,0,0,0,2021,2022,alta
England,Eberechi Eze,Midfield,27,3,3,0,0,2025,2025,baja
England,Ollie Watkins,Offence,30,3,2,0,0,2021,2024,baja
United States,Brenden Aaronson,Midfield,25,3,1,0,0,2021,2025,baja
United States,Malik Tillman,Midfield,24,3,3,0,0,2025,2025,baja
United States,Ricardo Pepi,Offence,23,3,0,0,0,2021,2021,baja
Australia,Nishan Velupillay,Offence,25,3,3,0,0,2024,2025,baja
New Zealand,Tim Payne,Defence,32,3,1,0,0,2013,2025,baja
New Zealand,Ryan Thomas,Midfield,31,3,0,0,0,2017,2017,baja
Switzerland,Denis Zakaria,Midfield,29,3,0,0,0,2018,2019,baja
Switzerland,Dan Ndoye,Offence,25,3,3,0,0,2024,2025,baja
Ecuador,Moisés Caicedo,Midfield,24,3,0,0,0,2020,2022,baja
Czechia,Jan Kuchta,Offence,29,3,0,0,0,2022,2023,baja
Czechia,Adam Hložek,Offence,23,3,2,0,0,2021,2025,baja
Tunisia,Yassine Chikhaoui,Defence,22,3,0,0,0,2008,2015,baja
Tunisia,Ellyes Skhiri,Midfield,31,3,1,0,0,2021,2025,baja
Tunisia,Elias Achouri,Midfield,27,3,3,0,1,2025,2025,baja
Tunisia,Elias Saad,Offence,26,3,3,0,0,2025,2025,baja
Tunisia,Hazem Mastouri,Offence,29,3,3,1,0,2025,2026,baja
Turkey,Mert Müldür,Defence,27,3,2,0,0,2021,2025,baja
Turkey,Orkun Kökçü,Midfield,25,3,1,0,0,2021,2025,baja
Turkey,Yunus Akgün,Offence,25,3,1,0,0,2022,2025,baja
Senegal,Iliman Ndiaye,Midfield,26,3,3,0,0,2024,2026,baja
Senegal,Lamine Camara,Midfield,22,3,2,0,0,2023,2024,baja
Senegal,Cherif Ndiaye,Offence,30,3,3,0,1,2025,2025,baja
Austria,Philipp Lienhart,Defence,29,3,2,0,0,2023,2024,baja
Colombia,Jefferson Lerma,Midfield,31,3,2,0,0,2020,2024,baja
Canada,Jonathan Osorio,Midfield,33,3,0,0,0,2021,2023,alta
Canada,Stephen Eustáquio,Midfield,29,3,0,0,0,2021,2021,baja
Canada,Jacob Shaffelburg,Offence,26,3,2,0,0,2023,2024,baja
Haiti,Danley Jean Jacques,Midfield,26,3,2,0,0,2023,2025,baja
Iran,Hossein Kanaanizadegan,Defence,32,3,2,0,0,2019,2024,baja
Bosnia-Herzegovina,Haris Tabaković,Offence,32,3,3,0,0,2025,2026,baja
Panama,Fidel Escobar,Defence,31,3,1,0,0,2016,2025,baja
Panama,Aníbal Godoy,Midfield,36,3,0,0,0,2021,2022,alta
Cape Verde Islands,Stopira,Defence,38,3,1,0,0,2021,2025,alta
Congo DR,Gaël Kakuta,Midfield,35,3,2,0,1,2021,2025,media
Ivory Coast,Evann Guessand,Offence,24,3,3,0,0,2025,2025,baja
Ivory Coast,Simon Adingra,Offence,24,3,2,0,0,2023,2025,baja
Qatar,Karim Boudiaf,Midfield,35,3,0,0,0,2015,2019,alta
Qatar,Yusuf Abdurisag,Midfield,26,3,0,0,0,2019,2023,baja
Iraq,Ibrahim Bayesh,Midfield,26,3,2,0,0,2019,2025,baja
Iraq,Ali Al-Hamadi,Offence,24,3,2,0,0,2023,2026,baja
Netherlands,Nathan Aké,Defence,31,3,0,0,0,2019,2023,baja
Netherlands,Noa Lang,Midfield,27,3,1,0,0,2022,2025,baja
Netherlands,Teun Koopmeiners,Midfield,28,3,1,0,0,2022,2024,baja
Norway,Martin Ødegaard,Midfield,27,3,1,0,0,2019,2025,baja
Norway,Kristian Thorstvedt,Midfield,27,3,0,0,0,2021,2021,baja
Scotland,Kenny McLean,Midfield,34,3,1,0,0,2019,2025,media
Scotland,Lawrence Shankland,Offence,30,3,1,0,0,2019,2025,baja
Uruguay,Mathías Olivera,Defence,28,2,1,0,0,2023,2024,baja
Uruguay,Agustín Canobbio,Offence,27,2,1,1,0,2023,2026,baja
Germany,Antonio Rüdiger,Defence,33,2,0,0,0,2017,2021,alta
Spain,Aymeric Laporte,Defence,32,2,1,0,0,2021,2024,baja
Spain,Rodri,Midfield,30,2,1,0,0,2020,2024,baja
Spain,Álex Baena,Midfield,24,2,1,0,0,2023,2024,baja
Paraguay,Gustavo Gómez,Defence,33,2,0,0,0,2013,2021,alta
Ghana,Iñaki Williams,Offence,32,2,1,0,0,2023,2025,baja
Ghana,Ernest Nuamah,Offence,22,2,2,0,0,2024,2025,baja
Brazil,Bruno Guimarães,Midfield,28,2,1,0,0,2022,2025,baja
Brazil,Luiz Henrique,Offence,25,2,2,0,0,2024,2024,baja
Portugal,Rúben Dias,Defence,29,2,0,0,0,2020,2020,baja
Portugal,Nuno Mendes,Defence,24,2,2,1,0,2025,2026,baja
Portugal,Gonçalo Inácio,Defence,24,2,0,0,0,2023,2023,baja
Japan,Yukinari Sugawara,Defence,25,2,1,0,0,2023,2024,baja
Japan,Ko Itakura,Defence,29,2,1,0,0,2021,2024,baja
Japan,Wataru Endō,Midfield,33,2,1,0,0,2019,2024,media
Mexico,Julián Quiñones,Offence,29,2,2,2,0,2026,2026,baja
Mexico,Roberto Alvarado,Offence,27,2,0,0,0,2019,2023,baja
Mexico,Santiago Giménez,Offence,25,2,0,0,0,2023,2023,baja
England,Anthony Gordon,Midfield,25,2,2,0,0,2024,2025,baja
United States,Antonee Robinson,Defence,28,2,0,0,0,2021,2022,baja
United States,Miles Robinson,Defence,29,2,0,0,0,2021,2021,baja
United States,Chris Richards,Defence,26,2,2,0,0,2025,2025,baja
United States,Haji Wright,Offence,28,2,1,0,0,2022,2025,baja
France,Dayot Upamecano,Defence,27,2,0,0,0,2020,2023,baja
France,Jean-Philippe Mateta,Offence,28,2,2,0,0,2025,2025,baja
South Africa,Thapelo Maseko,Midfield,22,2,2,1,0,2024,2026,baja
Algeria,Aïssa Mandi,Defence,34,2,1,0,0,2021,2025,media
Algeria,Nabil Bentaleb,Midfield,31,2,0,0,0,2015,2016,baja
Algeria,Ramiz Zerrouki,Midfield,28,2,0,0,0,2021,2023,baja
Algeria,Ibrahim Maza,Midfield,20,2,2,0,0,2025,2025,baja
Algeria,Amine Gouiri,Offence,26,2,2,1,0,2025,2026,baja
Australia,Connor Metcalfe,Midfield,26,2,2,1,0,2025,2026,baja
New Zealand,Tommy Smith,Defence,36,2,0,0,0,2012,2013,alta
New Zealand,Finn Surman,Defence,22,2,2,1,0,2024,2026,baja
New Zealand,Tyler Bindon,Defence,21,2,2,0,0,2024,2025,baja
New Zealand,Sarpreet Singh,Midfield,27,2,2,0,0,2024,2025,baja
New Zealand,Callum McCowatt,Midfield,27,2,2,0,0,2024,2024,baja
Switzerland,Nico Elvedi,Defence,29,2,1,0,0,2018,2025,baja
Switzerland,Christian Fassnacht,Midfield,32,2,0,0,0,2019,2021,baja
Switzerland,Noah Okafor,Offence,26,2,0,0,0,2021,2022,baja
Ecuador,Pervis Estupiñán,Defence,28,2,0,0,0,2020,2021,baja
Ecuador,Alan Minda,Midfield,23,2,2,0,0,2024,2024,baja
Ecuador,Kevin Rodríguez,Offence,26,2,1,0,0,2023,2024,baja
Sweden,Mattias Svanberg,Midfield,27,2,1,1,0,2019,2026,baja
Czechia,David Douděra,Midfield,28,2,1,0,0,2023,2025,baja
Czechia,Lukáš Provod,Midfield,29,2,1,0,0,2021,2024,baja
Czechia,Lukáš Červ,Midfield,25,2,2,0,0,2024,2025,baja
Croatia,Kristijan Jakić,Midfield,29,2,2,0,0,2025,2025,baja
Croatia,Martin Baturina,Midfield,23,2,2,1,0,2024,2026,baja
Croatia,Petar Musa,Offence,28,2,2,1,0,2025,2026,baja
Saudi Arabia,Hassan Kadesh,Defence,33,2,2,0,0,2024,2024,media
Tunisia,Dylan Bronn,Defence,31,2,0,0,0,2018,2021,baja
Tunisia,Ismaël Gharbi,Midfield,22,2,2,0,1,2025,2025,baja
Tunisia,Firas Chaouat,Offence,30,2,2,0,0,2025,2026,baja
Turkey,Abdülkerim Bardakcı,Defence,31,2,1,0,0,2023,2025,baja
Senegal,Kalidou Koulibaly,Defence,35,2,1,0,0,2022,2025,media
Senegal,Abdoulaye Seck,Defence,34,2,2,0,0,2024,2025,baja
Senegal,Pape Thiaw,Coach,45,2,0,0,0,2001,2001,alta
Belgium,Timothy Castagne,Defence,30,2,0,0,0,2019,2019,baja
Belgium,Dodi Lukebakio,Midfield,28,2,0,0,0,2023,2023,baja
Belgium,Alexis Saelemaekers,Midfield,26,2,1,0,0,2021,2025,baja
Morocco,Nayef Aguerd,Defence,30,2,1,0,0,2021,2025,baja
Morocco,Soufiane Rahimi,Offence,30,2,2,1,0,2024,2026,baja
Austria,Alessandro Schöpf,Midfield,32,2,0,0,0,2016,2020,baja
Austria,Xaver Schlager,Midfield,28,2,0,0,0,2018,2022,baja
Colombia,Davinson Sánchez,Defence,30,2,2,0,0,2024,2024,baja
Haiti,Ricardo Adé,Defence,36,2,0,0,0,2021,2021,alta
Haiti,Louicius Don Deedson,Offence,25,2,2,0,0,2024,2025,baja
Haiti,Ruben Providence,Offence,24,2,2,0,0,2025,2025,baja
Iran,Shojae Khalilzadeh,Defence,37,2,1,0,0,2021,2024,media
Bosnia-Herzegovina,Kerim Alajbegović,Offence,18,2,2,1,0,2025,2026,baja
Panama,César Blackman,Defence,28,2,2,0,0,2024,2025,baja
Cape Verde Islands,Kevin Pina,Midfield,29,2,2,1,0,2024,2026,baja
Cape Verde Islands,João Paulo,Midfield,28,2,0,0,0,1991,1991,baja
Cape Verde Islands,Willy Semedo,Offence,32,2,2,0,0,2025,2025,baja
Congo DR,Fiston Mayele,Offence,32,2,2,0,0,2024,2025,baja
Ivory Coast,Bazoumana Touré,Offence,20,2,2,0,0,2025,2026,baja
Qatar,Lucas Mendes,Defence,35,2,2,0,0,2024,2025,baja
Iraq,Youssef Amyn,Midfield,22,2,1,0,0,2023,2024,baja
Iraq,Zidane Iqbal,Midfield,23,2,2,0,0,2024,2025,baja
Netherlands,Frenkie de Jong,Midfield,29,2,0,0,0,2019,2022,baja
Netherlands,Crysencio Summerville,Midfield,24,2,2,2,0,2026,2026,baja
Norway,Jørgen Strand Larsen,Offence,26,2,1,0,0,2023,2025,baja
Scotland,Grant Hanley,Defence,34,2,0,0,0,2013,2021,alta
Scotland,Andrew Robertson,Defence,32,2,0,0,0,2017,2019,baja
Scotland,Che Adams,Offence,29,2,2,0,0,2025,2025,baja
Curaçao,Livano Comenencia,Defence,22,2,2,1,0,2025,2026,baja
Curaçao,Tahith Chong,Offence,26,2,2,0,0,2025,2025,baja
Curaçao,Jeremy Antonisse,Offence,24,2,2,0,0,2025,2025,baja
Uruguay,Ronald Araújo,Defence,27,1,0,0,0,2023,2023,baja
Uruguay,Matías Viña,Defence,28,1,1,0,0,2024,2024,baja
Uruguay,Manuel Ugarte,Midfield,25,1,1,0,0,2024,2024,baja
Uruguay,Facundo Pellistri,Midfield,24,1,1,0,0,2024,2024,baja
Uruguay,Federico Viñas,Offence,27,1,1,0,0,2025,2025,baja
Germany,David Raum,Defence,28,1,1,0,0,2025,2025,baja
Germany,Nico Schlotterbeck,Defence,26,1,1,1,0,2026,2026,baja
Germany,Nathaniel Brown,Defence,23,1,1,1,0,2026,2026,baja
Germany,Nadiem Amiri,Midfield,29,1,1,0,0,2025,2025,baja
Germany,Aleksandar Pavlović,Midfield,22,1,1,0,0,2024,2024,baja
Germany,Assan Ouédraogo,Midfield,20,1,1,0,0,2025,2025,baja
Germany,Jamie Leweling,Offence,25,1,1,0,0,2024,2024,baja
Spain,Martín Zubimendi,Midfield,27,1,1,0,0,2025,2025,baja
Spain,Víctor Muñoz,Offence,22,1,0,0,0,1982,1982,baja
Paraguay,Roberto Fernández,Goalkeeper,38,1,0,0,0,2021,2021,alta
Paraguay,Diego Gómez,Midfield,23,1,1,0,0,2024,2024,baja
Paraguay,Gabriel Ávalos,Offence,35,1,0,0,0,2021,2021,alta
Paraguay,Ramón Sosa,Offence,26,1,1,0,0,2024,2024,baja
Argentina,Nicolás Tagliafico,Defence,33,1,0,0,0,2023,2023,alta
Argentina,Lisandro Martínez,Defence,28,1,1,0,0,2024,2024,baja
Argentina,Nahuel Molina,Defence,28,1,0,0,0,2022,2022,baja
Argentina,Leandro Paredes,Midfield,31,1,0,0,0,2021,2021,baja
Argentina,Giovani Lo Celso,Midfield,30,1,0,0,0,2019,2019,baja
Argentina,Giuliano Simeone,Offence,23,1,1,0,0,2025,2025,baja
Ghana,Caleb Yirenkyi,Midfield,20,1,1,1,0,2026,2026,baja
Ghana,Antoine Semenyo,Offence,26,1,1,0,0,2025,2025,baja
Brazil,Alex Sandro,Defence,35,1,0,0,0,2021,2021,alta
Brazil,Gabriel Magalhães,Defence,28,1,0,0,0,2023,2023,baja
Portugal,Matheus Nunes,Defence,27,1,0,0,0,2022,2022,baja
Portugal,Renato Veiga,Defence,22,1,1,0,0,2025,2025,baja
Portugal,Rúben Neves,Midfield,29,1,1,0,0,2025,2025,baja
Portugal,Pedro Neto,Offence,26,1,1,0,0,2024,2024,baja
Japan,Takehiro Tomiyasu,Defence,27,1,0,0,0,2019,2019,baja
Mexico,Jorge Sánchez,Defence,28,1,0,0,0,2021,2021,baja
Mexico,Mateo Chávez,Defence,22,1,1,1,0,2026,2026,baja
Mexico,Álvaro Fidalgo,Midfield,29,1,1,1,0,2026,2026,baja
England,Ezri Konsa,Defence,28,1,1,0,0,2025,2025,baja
England,Reece James,Defence,26,1,1,0,0,2025,2025,baja
England,Marc Guéhi,Defence,25,1,1,0,0,2025,2025,baja
England,Noni Madueke,Offence,24,1,1,0,0,2025,2025,baja
United States,Auston Trusty,Defence,27,1,1,1,0,2026,2026,baja
United States,Sergiño Dest,Defence,25,1,0,0,0,2021,2021,baja
United States,Alex Freeman,Defence,21,1,1,1,0,2026,2026,baja
United States,Sebastian Berhalter,Midfield,25,1,1,1,0,2026,2026,baja
France,N'Golo Kanté,Midfield,35,1,0,0,0,2020,2020,alta
France,Rayan Cherki,Midfield,22,1,1,0,0,2025,2025,baja
France,Maghnes Akliouche,Midfield,24,1,1,0,0,2025,2025,baja
France,Warren Zaïre-Emery,Midfield,20,1,0,0,0,2023,2023,baja
South Africa,Khuliso Mudau,Defence,31,1,0,0,0,2023,2023,baja
South Africa,Jayden Adams,Midfield,25,1,1,0,0,2025,2025,baja
South Africa,Thalente Mbatha,Midfield,26,1,1,0,0,2025,2025,baja
South Africa,Iqraam Rayners,Offence,30,1,1,0,0,2024,2024,baja
South Africa,Tshepang Moremi,Offence,25,1,1,0,0,2025,2025,baja
Algeria,Ramy Bensebaini,Defence,31,1,0,0,0,2021,2021,baja
Algeria,Jaouen Hadjam,Defence,23,1,1,0,0,2025,2025,baja
Algeria,Houssem Aouar,Midfield,27,1,1,0,0,2024,2024,baja
Algeria,Adil Boulbina,Midfield,23,1,1,0,0,2026,2026,baja
Algeria,Nadhir Benbouali,Offence,26,1,1,1,0,2026,2026,baja
Australia,Aziz Behich,Defence,35,1,1,0,0,2025,2025,media
Australia,Jordan Bos,Defence,23,1,1,0,0,2024,2024,baja
New Zealand,Liberato Cacace,Defence,25,1,0,0,0,2022,2022,baja
New Zealand,Michael Boxall,Defence,37,1,1,0,0,2025,2025,media
New Zealand,Joe Bell,Midfield,27,1,0,0,0,2022,2022,baja
New Zealand,Ben Old,Midfield,23,1,1,0,0,2024,2024,baja
New Zealand,Logan Rogerson,Offence,28,1,0,0,1,2022,2022,baja
New Zealand,Jesse Randall,Offence,23,1,1,0,0,2024,2024,baja
Switzerland,Michel Aebischer,Midfield,29,1,1,0,0,2024,2024,baja
Ecuador,Piero Hincapié,Defence,24,1,0,0,0,2021,2021,baja
Ecuador,Jordy Caicedo,Offence,28,1,0,0,1,2022,2022,baja
Ecuador,Nilson Angulo,Offence,23,1,1,1,0,2026,2026,baja
Sweden,Gustaf Lagerbielke,Defence,26,1,1,0,0,2026,2026,baja
Sweden,Ken Sema,Midfield,32,1,1,0,0,2024,2024,baja
Sweden,Benjamin Nygren,Offence,24,1,1,0,0,2025,2025,baja
Czechia,Tomáš Holeš,Defence,33,1,0,0,0,2021,2021,alta
Czechia,Michal Sadílek,Midfield,27,1,1,1,0,2026,2026,baja
Croatia,Duje Ćaleta-Car,Defence,29,1,0,0,0,2021,2021,baja
Croatia,Luka Sučić,Midfield,23,1,1,0,0,2025,2025,baja
Croatia,Toni Fruk,Midfield,25,1,1,0,0,2025,2025,baja
Saudi Arabia,Ali Lajami,Defence,30,1,1,0,0,2024,2024,baja
Saudi Arabia,Abdullah Al-Hamdan,Offence,26,1,0,0,0,2019,2019,baja
Tunisia,Omar Rekik,Defence,24,1,1,1,0,2026,2026,baja
Tunisia,Montassar Talbi,Defence,28,1,1,0,0,2025,2025,baja
Tunisia,Anis Ben Slimane,Midfield,25,1,0,0,0,2021,2021,baja
Tunisia,Hannibal Mejbri,Midfield,23,1,1,0,0,2025,2025,baja
Turkey,Çağlar Söyüncü,Defence,30,1,0,0,0,2021,2021,baja
Turkey,Ferdi Kadıoğlu,Defence,26,1,1,0,0,2026,2026,baja
Turkey,Zeki Çelik,Defence,29,1,1,0,0,2025,2025,baja
Turkey,Salih Özcan,Midfield,28,1,1,0,0,2025,2025,baja
Turkey,İsmail Yüksek,Midfield,27,1,0,0,0,2022,2022,baja
Senegal,Krépin Diatta,Midfield,27,1,0,0,0,2019,2019,baja
Senegal,Pape Sarr,Midfield,23,1,0,0,0,2000,2000,baja
Belgium,Brandon Mechele,Defence,33,1,1,0,0,2025,2025,media
Belgium,Arthur Theate,Defence,26,1,1,0,0,2025,2025,baja
Belgium,Nicolas Raskin,Midfield,25,1,1,0,0,2025,2025,baja
Morocco,Chadi Riad,Defence,23,1,1,0,0,2024,2024,baja
Morocco,Bilal El Khannouss,Midfield,21,1,1,0,0,2025,2025,baja
Morocco,Gessime Yassine,Offence,20,1,1,1,0,2026,2026,baja
Colombia,Jaminton Campaz,Midfield,26,1,1,1,0,2026,2026,baja
Egypt,Yasser Ibrahim,Defence,33,1,1,0,0,2026,2026,media
Egypt,Mohamed Abdelmonem,Defence,27,1,0,0,0,2022,2022,baja
Egypt,Emam Ashour,Midfield,28,1,1,1,0,2026,2026,baja
Egypt,Marwan Attia,Midfield,27,1,1,0,0,2026,2026,baja
Egypt,Mostafa Ziko,Midfield,29,1,1,1,0,2026,2026,baja
Egypt,Ibrahim Adel,Offence,25,1,1,0,0,2025,2025,baja
Canada,Richie Laryea,Defence,31,1,0,0,0,2021,2021,baja
Canada,Alistair Johnston,Defence,27,1,0,0,0,2021,2021,baja
Canada,Niko Sigur,Midfield,22,1,1,0,0,2025,2025,baja
Canada,Liam Millar,Offence,26,1,0,0,0,2023,2023,baja
Canada,Tani Oluwaseyi,Offence,26,1,1,0,0,2025,2025,baja
Haiti,Derrick Etienne,Midfield,29,1,0,0,0,2021,2021,baja
Haiti,Wilson Isidor,Offence,25,1,1,1,0,2026,2026,baja
Iran,Milad Mohammadi,Defence,32,1,0,0,0,2021,2021,baja
Iran,Rouzbeh Cheshmi,Defence,32,1,0,0,0,2022,2022,baja
Iran,Saleh Hardani,Defence,27,1,1,0,0,2024,2024,baja
Iran,Saeid Ezatolahi,Midfield,29,1,0,0,0,2015,2015,baja
Iran,Mehdi Torabi,Midfield,31,1,0,0,0,2015,2015,baja
Iran,Saman Ghoddos,Offence,32,1,0,0,0,2019,2019,baja
Bosnia-Herzegovina,Nihad Mujakić,Defence,28,1,1,0,0,2025,2025,baja
Bosnia-Herzegovina,Nikola Katić,Defence,29,1,1,0,0,2025,2025,baja
Bosnia-Herzegovina,Amar Dedić,Defence,23,1,0,0,0,2023,2023,baja
Bosnia-Herzegovina,Jovo Lukić,Offence,27,1,1,1,0,2026,2026,baja
Panama,Andrés Andrade,Defence,27,1,0,0,0,2021,2021,baja
Panama,Carlos Harvey,Midfield,26,1,1,0,0,2025,2025,baja
Cape Verde Islands,Sidny Lopes Cabral,Defence,23,1,1,0,0,2025,2025,baja
Cape Verde Islands,Yannick Semedo,Midfield,30,1,1,0,0,2025,2025,baja
Cape Verde Islands,Telmo Arcanjo,Midfield,25,1,1,0,0,2025,2025,baja
Cape Verde Islands,Jovane Cabral,Offence,28,1,1,0,0,2025,2025,baja
Cape Verde Islands,Gilson Tavares,Offence,24,1,1,0,0,2024,2024,baja
Cape Verde Islands,Hélio Varela,Offence,24,1,1,1,0,2026,2026,baja
Congo DR,Axel Tuanzebe,Defence,28,1,1,0,0,2026,2026,baja
Congo DR,Arthur Masuaku,Defence,32,1,1,0,0,2024,2024,baja
Congo DR,Charles Pickel,Midfield,29,1,1,0,0,2025,2025,baja
Congo DR,Theo Bongonda,Offence,30,1,1,0,0,2025,2025,baja
Ivory Coast,Emmanuel Agbadou,Defence,29,1,1,0,0,2025,2025,baja
Ivory Coast,Jean Michaël Seri,Midfield,34,1,0,0,0,2021,2021,alta
Qatar,Homam Ahmed,Defence,26,1,0,0,0,2021,2021,baja
Qatar,Ró-Ró,Defence,35,1,1,0,0,2025,2025,media
Qatar,Ahmed Fathy,Midfield,33,1,0,0,0,2008,2008,alta
Qatar,Ahmed Al Ganehi,Midfield,25,1,1,0,0,2025,2025,baja
Qatar,Edmílson,Offence,31,1,0,0,0,2002,2002,baja
Jordan,Mohammad Abu Zrayq,Offence,28,1,1,0,0,2024,2024,baja
Iraq,Hussein Ali,Defence,24,1,1,0,0,2024,2024,baja
Iraq,Rebin Sulaka,Defence,34,1,1,0,0,2024,2024,media
Iraq,Zaid Tahseen,Defence,25,1,1,0,0,2024,2024,baja
Uzbekistan,Rustam Ashurmatov,Defence,29,1,1,0,0,2024,2024,baja
Uzbekistan,Jamshid Iskanderov,Midfield,32,1,0,0,0,2019,2019,baja
Uzbekistan,Odiljon Hamrobekov,Midfield,30,1,1,0,0,2024,2024,baja
Netherlands,Jan Paul van Hecke,Defence,26,1,1,1,0,2026,2026,baja
Netherlands,Marten de Roon,Midfield,35,1,0,0,0,2023,2023,alta
Netherlands,Guus Til,Midfield,28,1,0,0,0,2021,2021,baja
Netherlands,Mats Wieffer,Midfield,26,1,0,0,0,2023,2023,baja
Netherlands,Quinten Timber,Midfield,25,1,1,0,0,2025,2025,baja
Norway,Kristoffer Ajer,Defence,28,1,1,0,0,2025,2025,baja
Norway,Julian Ryerson,Defence,28,1,1,0,0,2025,2025,baja
Norway,Leo Østigård,Defence,26,1,1,1,0,2026,2026,baja
Norway,Sander Berge,Midfield,28,1,0,0,0,2019,2019,baja
Norway,Fredrik Aursnes,Midfield,30,1,0,0,0,2023,2023,baja
Scotland,Kieran Tierney,Defence,29,1,1,0,0,2025,2025,baja
Scotland,Jack Hendry,Defence,31,1,0,0,0,2022,2022,baja
Scotland,Anthony Ralston,Defence,27,1,0,0,0,2022,2022,baja
Scotland,John Souttar,Defence,29,1,0,0,0,2021,2021,baja
Scotland,Scott McKenna,Defence,29,1,0,0,0,2022,2022,baja
Scotland,Nathan Patterson,Defence,24,1,0,0,0,2021,2021,baja
Scotland,Lewis Ferguson,Midfield,26,1,1,0,0,2025,2025,baja
Curaçao,Roshon van Eijma,Defence,28,1,1,0,0,2025,2025,baja
Curaçao,Juriën Gaari,Defence,32,1,0,0,0,2019,2019,baja
Curaçao,Ar'jany Martha,Defence,22,1,1,0,0,2025,2025,baja
Curaçao,Tyrese Noslin,Defence,23,1,1,0,0,2025,2025,baja
Curaçao,Kevin Felida,Midfield,26,1,1,0,0,2025,2025,baja
Curaçao,Sontje Hansen,Offence,24,1,1,0,0,2025,2025,baja
Curaçao,Jearl Margaritha,Offence,26,1,1,0,0,2025,2025,baja
Curaçao,Brandley Kuwas,Offence,33,1,0,0,0,2021,2021,alta
Uruguay,Fernando Muslera,Goalkeeper,40,0,0,0,0,,,baja
Uruguay,Santiago Mele,Goalkeeper,28,0,0,0,0,,,baja
Uruguay,Sergio Rochet,Goalkeeper,33,0,0,0,0,,,baja
Uruguay,Guillermo Varela,Defence,33,0,0,0,0,,,baja
Uruguay,Sebastían Cáceres,Defence,26,0,0,0,0,,,baja
Uruguay,Joaquín Piquerez,Defence,27,0,0,0,0,,,baja
Uruguay,Santiago Bueno,Defence,27,0,0,0,0,,,baja
Uruguay,José Giménez,Defence,31,0,0,0,0,,,baja
Uruguay,Giorgian De Arrascaeta,Midfield,32,0,0,0,0,,,baja
Uruguay,Brian Rodríguez,Midfield,26,0,0,0,0,,,baja
Uruguay,Rodrigo Zalazar,Midfield,26,0,0,0,0,,,baja
Uruguay,Emiliano Martínez,Midfield,26,0,0,0,0,,,baja
Uruguay,Juan Sanabria,Midfield,26,0,0,0,0,,,baja
Uruguay,Nicolas de la Cruz,Midfield,29,0,0,0,0,,,baja
Germany,Oliver Baumann,Goalkeeper,36,0,0,0,0,,,baja
Germany,Manuel Neuer,Goalkeeper,40,0,0,0,0,,,baja
Germany,Alexander Nübel,Goalkeeper,29,0,0,0,0,,,baja
Germany,Jonathan Tah,Defence,30,0,0,0,0,,,baja
Germany,Waldemar Anton,Defence,29,0,0,0,0,,,baja
Germany,Malick Thiaw,Defence,24,0,0,0,0,,,baja
Germany,Pascal Groß,Midfield,35,0,0,0,0,,,baja
Germany,Felix Kalu Nmecha,Midfield,25,0,0,0,0,,,baja
Germany,Angelo Stiller,Midfield,25,0,0,0,0,,,baja
Germany,Maximilian Beier,Offence,23,0,0,0,0,,,baja
Spain,David Raya,Goalkeeper,30,0,0,0,0,,,baja
Spain,Unai Simón,Goalkeeper,29,0,0,0,0,,,baja
Spain,Joan García,Goalkeeper,25,0,0,0,0,,,baja
Spain,Cucurella,Defence,27,0,0,0,0,,,baja
Spain,Alejandro Grimaldo,Defence,30,0,0,0,0,,,baja
Spain,Pedro Porro,Defence,26,0,0,0,0,,,baja
Spain,Eric García,Defence,25,0,0,0,0,,,baja
Spain,Marc Pubill,Defence,23,0,0,0,0,,,baja
Spain,Pau Cubarsí,Defence,19,0,0,0,0,,,baja
Spain,Marcos Llorente,Midfield,31,0,0,0,0,,,baja
Spain,Ferrán Torres,Midfield,26,0,0,0,0,,,baja
Spain,Pablo Gavira,Midfield,21,0,0,0,0,,,baja
Spain,Borja Iglesias,Offence,33,0,0,0,0,,,baja
Spain,Yeremi Pino,Offence,23,0,0,0,0,,,baja
Paraguay,Gastón Olveira,Goalkeeper,33,0,0,0,0,,,baja
Paraguay,Orlando Gill,Goalkeeper,26,0,0,0,0,,,baja
Paraguay,Fabián Balbuena,Defence,34,0,0,0,0,,,baja
Paraguay,Juan Cáceres,Defence,26,0,0,0,0,,,baja
Paraguay,Gustavo Velázquez,Defence,35,0,0,0,0,,,baja
Paraguay,José Canale,Defence,29,0,0,0,0,,,baja
Paraguay,Alexandro Maidana,Defence,20,0,0,0,0,,,baja
Paraguay,Andrés Cubas,Midfield,30,0,0,0,0,,,baja
Paraguay,Kaku,Midfield,31,0,0,0,0,,,baja
Paraguay,Mauricio,Midfield,25,0,0,0,0,,,baja
Paraguay,Braian Ojeda,Midfield,25,0,0,0,0,,,baja
Paraguay,Damian Bobadilla,Midfield,24,0,0,0,0,,,baja
Paraguay,Isidro Pitta,Offence,26,0,0,0,0,,,baja
Paraguay,Gustavo Caballero,Offence,24,0,0,0,0,,,baja
Paraguay,Alex Arce,Offence,31,0,0,0,0,,,baja
Argentina,Géronimo Rulli,Goalkeeper,34,0,0,0,0,,,baja
Argentina,Emiliano Martínez,Goalkeeper,33,0,0,0,0,,,baja
Argentina,Juan Musso,Goalkeeper,32,0,0,0,0,,,baja
Argentina,Gonzalo Montiel,Defence,29,0,0,0,0,,,baja
Argentina,Christian Romero,Defence,28,0,0,0,0,,,baja
Argentina,Facundo Medina,Defence,27,0,0,0,0,,,baja
Argentina,Leonardo Balerdi,Defence,27,0,0,0,0,,,baja
Argentina,Valentin Barco,Defence,21,0,0,0,0,,,baja
Argentina,Rodrigo de Paul,Midfield,32,0,0,0,0,,,baja
Argentina,Exequiel Palacios,Midfield,27,0,0,0,0,,,baja
Argentina,Nico Paz,Midfield,21,0,0,0,0,,,baja
Argentina,José Manuel López,Offence,25,0,0,0,0,,,baja
Ghana,Lawrence Ati-Zigi,Goalkeeper,29,0,0,0,0,,,baja
Ghana,Joseph Anang,Goalkeeper,26,0,0,0,0,,,baja
Ghana,Benjamin Asare,Goalkeeper,33,0,0,0,0,,,baja
Ghana,Abdul Rahman Baba,Defence,31,0,0,0,0,,,baja
Ghana,Derrick Luckassen,Defence,30,0,0,0,0,,,baja
Ghana,Gideon Mensah,Defence,27,0,0,0,0,,,baja
Ghana,Abdul Mumin,Defence,28,0,0,0,0,,,baja
Ghana,Jerome Opoku,Defence,27,0,0,0,0,,,baja
Ghana,Alidu Seidu,Defence,26,0,0,0,0,,,baja
Ghana,Marvin Senaya,Defence,25,0,0,0,0,,,baja
Ghana,Jonas Adjei Adjetey,Defence,22,0,0,0,0,,,baja
Ghana,Kojo Peprah Oppong,Defence,22,0,0,0,0,,,baja
Ghana,Elisha Owusu,Midfield,28,0,0,0,0,,,baja
Ghana,Kwasi Sibo,Midfield,28,0,0,0,0,,,baja
Ghana,Augustine Boakye,Midfield,25,0,0,0,0,,,baja
Ghana,Brandon Thomas-Asante,Offence,27,0,0,0,0,,,baja
Ghana,Kamal Deen Sulemana,Offence,24,0,0,0,0,,,baja
Ghana,Abdul Issahaku,Offence,22,0,0,0,0,,,baja
Ghana,Christopher Bonsu Baah,Offence,21,0,0,0,0,,,baja
Ghana,Prince Adu,Offence,22,0,0,0,0,,,baja
Brazil,Weverton,Goalkeeper,38,0,0,0,0,,,baja
Brazil,Alisson Becker,Goalkeeper,33,0,0,0,0,,,baja
Brazil,Ederson,Goalkeeper,32,0,0,0,0,,,baja
Brazil,Roger Ibañez,Defence,27,0,0,0,0,,,baja
Brazil,Bremer,Defence,29,0,0,0,0,,,baja
Brazil,Douglas Santos,Defence,32,0,0,0,0,,,baja
Brazil,Danilo Luiz da Silva,Defence,34,0,0,0,0,,,baja
Brazil,Léo Pereira,Defence,30,0,0,0,0,,,baja
Brazil,Wesley,Defence,22,0,0,0,0,,,baja
Brazil,Fabinho,Midfield,32,0,0,0,0,,,baja
Brazil,Danilo dos Santos de Oliveira,Midfield,25,0,0,0,0,,,baja
Brazil,Vinicius Junior,Offence,25,0,0,0,0,,,baja
Brazil,Martinelli,Offence,25,0,0,0,0,,,baja
Brazil,Thiago,Offence,24,0,0,0,0,,,baja
Brazil,Endrick,Offence,19,0,0,0,0,,,baja
Brazil,Rayan,Offence,19,0,0,0,0,,,baja
Portugal,José Sá,Goalkeeper,33,0,0,0,0,,,baja
Portugal,Rui Silva,Goalkeeper,32,0,0,0,0,,,baja
Portugal,Diogo Costa,Goalkeeper,26,0,0,0,0,,,baja
Portugal,Nélson Semedo,Defence,32,0,0,0,0,,,baja
Portugal,Tomas Araujo,Defence,24,0,0,0,0,,,baja
Portugal,Samuel Almeida Costa,Midfield,25,0,0,0,0,,,baja
Portugal,Vitinha,Midfield,26,0,0,0,0,,,baja
Portugal,Joao Neves,Midfield,21,0,0,0,0,,,baja
Portugal,Trincão,Offence,26,0,0,0,0,,,baja
Japan,Keisuke Ōsako,Goalkeeper,26,0,0,0,0,,,baja
Japan,Zion Suzuki,Goalkeeper,23,0,0,0,0,,,baja
Japan,Tomoki Hayakawa,Goalkeeper,27,0,0,0,0,,,baja
Japan,Yūto Nagatomo,Defence,39,0,0,0,0,,,baja
Japan,Hiroki Ito,Defence,27,0,0,0,0,,,baja
Japan,Shogo Taniguchi,Defence,34,0,0,0,0,,,baja
Japan,Ayumu Seko,Defence,26,0,0,0,0,,,baja
Japan,Tsuyoshi Watanabe,Defence,29,0,0,0,0,,,baja
Japan,Junnosuke Suzuki,Defence,22,0,0,0,0,,,baja
Japan,Kaishu Sano,Midfield,25,0,0,0,0,,,baja
Japan,Yuito Suzuki,Midfield,24,0,0,0,0,,,baja
Japan,Ritsu Doan,Offence,28,0,0,0,0,,,baja
Japan,Kento Shiogai,Offence,21,0,0,0,0,,,baja
Japan,Keisuke Goto,Offence,21,0,0,0,0,,,baja
Mexico,Guillermo Ochoa,Goalkeeper,40,0,0,0,0,,,baja
Mexico,Carlos Acevedo,Goalkeeper,30,0,0,0,0,,,baja
Mexico,José Rangel,Goalkeeper,26,0,0,0,0,,,baja
Mexico,Jesús Gallardo,Defence,31,0,0,0,0,,,baja
Mexico,Johan Vásquez,Defence,27,0,0,0,0,,,baja
Mexico,Israel Reyes,Defence,26,0,0,0,0,,,baja
Mexico,Erik Lira,Midfield,26,0,0,0,0,,,baja
Mexico,Brian Gutiérrez,Midfield,23,0,0,0,0,,,baja
Mexico,Obed Vargas,Midfield,20,0,0,0,0,,,baja
Mexico,Gilberto Mora,Midfield,17,0,0,0,0,,,baja
Mexico,Guillermo Martínez,Offence,31,0,0,0,0,,,baja
Mexico,César Huerta,Offence,25,0,0,0,0,,,baja
Mexico,Armando González,Offence,23,0,0,0,0,,,baja
England,Jordan Pickford,Goalkeeper,32,0,0,0,0,,,baja
England,Dean Henderson,Goalkeeper,29,0,0,0,0,,,baja
England,James Trafford,Goalkeeper,23,0,0,0,0,,,baja
England,Dan Burn,Defence,34,0,0,0,0,,,baja
England,Trevoh Chalobah,Defence,26,0,0,0,0,,,baja
England,Djed Spence,Defence,25,0,0,0,0,,,baja
England,Jarell Quansah,Defence,23,0,0,0,0,,,baja
England,Nico O'Reilly,Defence,21,0,0,0,0,,,baja
England,Morgan Rogers,Midfield,23,0,0,0,0,,,baja
England,Elliot Anderson,Midfield,23,0,0,0,0,,,baja
England,Kobbie Mainoo,Midfield,21,0,0,0,0,,,baja
England,Ivan Toney,Offence,30,0,0,0,0,,,baja
United States,Matt Turner,Goalkeeper,32,0,0,0,0,,,baja
United States,Matt Freese,Goalkeeper,27,0,0,0,0,,,baja
United States,Chris Brady,Goalkeeper,22,0,0,0,0,,,baja
United States,Tim Ream,Defence,38,0,0,0,0,,,baja
United States,Mark McKenzie,Defence,27,0,0,0,0,,,baja
United States,Joseph Scally,Defence,23,0,0,0,0,,,baja
United States,Alejandro Zendejas,Midfield,28,0,0,0,0,,,baja
United States,Cristian Roldan,Midfield,31,0,0,0,0,,,baja
United States,Tyler Adams,Midfield,27,0,0,0,0,,,baja
United States,Gio Reyna,Midfield,23,0,0,0,0,,,baja
United States,Tim Weah,Offence,26,0,0,0,0,,,baja
United States,Max Arfsten,Offence,25,0,0,0,0,,,baja
South Korea,Seung-Gyu Kim,Goalkeeper,35,0,0,0,0,,,baja
South Korea,Bum-keun Song,Goalkeeper,28,0,0,0,0,,,baja
South Korea,Hyeon-woo Jo,Goalkeeper,34,0,0,0,0,,,baja
South Korea,Min-Jae Kim,Defence,29,0,0,0,0,,,baja
South Korea,Moon-hwan Kim,Defence,30,0,0,0,0,,,baja
South Korea,Han-bum Lee,Defence,24,0,0,0,0,,,baja
South Korea,Young-woo Seol,Defence,27,0,0,0,0,,,baja
South Korea,Jin-seob Park,Defence,30,0,0,0,0,,,baja
South Korea,Tae-hyeon Kim,Defence,25,0,0,0,0,,,baja
South Korea,Gi-hyuk Lee,Defence,25,0,0,0,0,,,baja
South Korea,Tae-seok Lee,Defence,23,0,0,0,0,,,baja
South Korea,Cho Wi-Je,Defence,24,0,0,0,0,,,baja
South Korea,Jens Castrop,Midfield,22,0,0,0,0,,,baja
South Korea,In-beom Hwang,Midfield,29,0,0,0,0,,,baja
South Korea,Dong-gyeong Lee,Midfield,28,0,0,0,0,,,baja
South Korea,Jae-sung Lee,Midfield,33,0,0,0,0,,,baja
South Korea,Jin-Gyu Kim,Midfield,29,0,0,0,0,,,baja
South Korea,Seung-Ho Paik,Midfield,29,0,0,0,0,,,baja
South Korea,Kang-in Lee,Midfield,25,0,0,0,0,,,baja
South Korea,Joon-ho Bae,Midfield,22,0,0,0,0,,,baja
South Korea,Hwang Heechan,Offence,30,0,0,0,0,,,baja
South Korea,Heung-min Son,Offence,33,0,0,0,0,,,baja
South Korea,Hyun-jun Yang,Offence,24,0,0,0,0,,,baja
South Korea,Gue-Sung Cho,Offence,28,0,0,0,0,,,baja
South Korea,Hyun-Gyu Oh,Offence,25,0,0,0,0,,,baja
South Korea,Ji-sung Eom,Offence,24,0,0,0,0,,,baja
France,Brice Samba,Goalkeeper,32,0,0,0,0,,,baja
France,Mike Maignan,Goalkeeper,30,0,0,0,0,,,baja
France,Robin Risser,Goalkeeper,21,0,0,0,0,,,baja
France,Theo Hernández,Defence,28,0,0,0,0,,,baja
France,Lucas Digne,Defence,32,0,0,0,0,,,baja
France,Lucas Hernández,Defence,30,0,0,0,0,,,baja
France,Jules Koundé,Defence,27,0,0,0,0,,,baja
France,Ibrahima Konaté,Defence,27,0,0,0,0,,,baja
France,William Saliba,Defence,25,0,0,0,0,,,baja
France,Maxence Lacroix,Defence,26,0,0,0,0,,,baja
France,Malo Gusto,Defence,23,0,0,0,0,,,baja
France,Aurélien Tchouameni,Midfield,26,0,0,0,0,,,baja
France,Manu Koné,Midfield,25,0,0,0,0,,,baja
France,Desire Doue,Midfield,21,0,0,0,0,,,baja
France,Marcus Thuram-Ulien,Offence,28,0,0,0,0,,,baja
South Africa,Ronwen Williams,Goalkeeper,34,0,0,0,0,,,baja
South Africa,Sipho Chaine,Goalkeeper,29,0,0,0,0,,,baja
South Africa,Ricardo Goss,Goalkeeper,32,0,0,0,0,,,baja
South Africa,Aubrey Modiba,Defence,30,0,0,0,0,,,baja
South Africa,Nkosinathi Sibisi,Defence,30,0,0,0,0,,,baja
South Africa,Olwethu Makhanya,Defence,22,0,0,0,0,,,baja
South Africa,Bradley Cross,Defence,25,0,0,0,0,,,baja
South Africa,Samukelo Kabini,Defence,22,0,0,0,0,,,baja
South Africa,Ime Okon,Defence,22,0,0,0,0,,,baja
South Africa,Mbekezeli Mbokazi,Defence,20,0,0,0,0,,,baja
South Africa,Khulumani Ndamane,Defence,22,0,0,0,0,,,baja
South Africa,Tholo Matuludi,Defence,27,0,0,0,0,,,baja
South Africa,Sphephelo Sithole,Midfield,27,0,0,0,0,,,baja
South Africa,Kamogelo Sebelebele,Midfield,23,0,0,0,0,,,baja
South Africa,Relebohile Mofokeng,Offence,21,0,0,0,0,,,baja
Algeria,Luca Zidane,Goalkeeper,28,0,0,0,0,,,baja
Algeria,Oussama Benbout,Goalkeeper,31,0,0,0,0,,,baja
Algeria,Melvin Mastil,Goalkeeper,26,0,0,0,0,,,baja
Algeria,Rayan Aït Nouri,Defence,25,0,0,0,0,,,baja
Algeria,Samir Chergui,Defence,27,0,0,0,0,,,baja
Algeria,Rafik Belghali,Defence,24,0,0,0,0,,,baja
Algeria,Zinédine Belaïd,Defence,27,0,0,0,0,,,baja
Algeria,Amine Tougai,Defence,26,0,0,0,0,,,baja
Algeria,Achref Abada,Defence,27,0,0,0,0,,,baja
Algeria,Hicham Boudaoui,Midfield,26,0,0,0,0,,,baja
Algeria,Fares Chaïbi,Midfield,23,0,0,0,0,,,baja
Algeria,Yacine Titraoui,Midfield,22,0,0,0,0,,,baja
Algeria,Mohammed Amoura,Offence,26,0,0,0,0,,,baja
Algeria,Anis Moussa,Offence,24,0,0,0,0,,,baja
Algeria,Farés Ghedjemis,Offence,23,0,0,0,0,,,baja
Australia,Maty Ryan,Goalkeeper,34,0,0,0,0,,,baja
Australia,Paul Izzo,Goalkeeper,31,0,0,0,0,,,baja
Australia,Patrick Beach,Goalkeeper,22,0,0,0,0,,,baja
Australia,Miloš Degenek,Defence,32,0,0,0,0,,,baja
Australia,Kai Trewin,Defence,25,0,0,0,0,,,baja
Australia,Jacob Italiano,Defence,24,0,0,0,0,,,baja
Australia,Cameron Burgess,Defence,30,0,0,0,0,,,baja
Australia,Jason Geria,Defence,33,0,0,0,0,,,baja
Australia,Alessandro Circati,Defence,22,0,0,0,0,,,baja
Australia,Lucas Herrington,Defence,18,0,0,0,0,,,baja
Australia,Aiden O'Neill,Midfield,27,0,0,0,0,,,baja
Australia,Cameron Devlin,Midfield,28,0,0,0,0,,,baja
Australia,Paul Okon-Engstler,Midfield,21,0,0,0,0,,,baja
Australia,Mohamed Toure,Offence,22,0,0,0,0,,,baja
Australia,Cristian Volpato,Offence,22,0,0,0,0,,,baja
Australia,Nestor Irankunda,Offence,20,0,0,0,0,,,baja
Australia,Tete Yengi,Offence,25,0,0,0,0,,,baja
New Zealand,Max Crocombe,Goalkeeper,32,0,0,0,0,,,baja
New Zealand,Michael Woud,Goalkeeper,27,0,0,0,0,,,baja
New Zealand,Alex Paulsen,Goalkeeper,23,0,0,0,0,,,baja
New Zealand,Francis De Vries,Defence,31,0,0,0,0,,,baja
New Zealand,Callan Elliot,Defence,26,0,0,0,0,,,baja
New Zealand,Nando Pijnaker,Defence,27,0,0,0,0,,,baja
New Zealand,Alex Rufer,Midfield,30,0,0,0,0,,,baja
New Zealand,Marko Stamenic,Midfield,24,0,0,0,0,,,baja
New Zealand,Lachlan Bayliss,Offence,23,0,0,0,0,,,baja
Switzerland,Gregor Kobel,Goalkeeper,28,0,0,0,0,,,baja
Switzerland,Yvon Mvogo,Goalkeeper,32,0,0,0,0,,,baja
Switzerland,Marvin Keller,Goalkeeper,23,0,0,0,0,,,baja
Switzerland,Ricardo Rodriguez,Defence,33,0,0,0,0,,,baja
Switzerland,Eray Cömert,Defence,28,0,0,0,0,,,baja
Switzerland,Miro Muheim,Defence,28,0,0,0,0,,,baja
Switzerland,Aurele Amenda,Defence,22,0,0,0,0,,,baja
Switzerland,Luca Jaquez,Defence,23,0,0,0,0,,,baja
Switzerland,Djibril Sow,Midfield,29,0,0,0,0,,,baja
Switzerland,Ardon Jasari,Midfield,23,0,0,0,0,,,baja
Switzerland,Fabian Rieder,Midfield,24,0,0,0,0,,,baja
Switzerland,Cédric Itten,Offence,29,0,0,0,0,,,baja
Ecuador,Hernán Galíndez,Goalkeeper,39,0,0,0,0,,,baja
Ecuador,Gonzalo Valle,Goalkeeper,30,0,0,0,0,,,baja
Ecuador,Moisés Ramírez,Goalkeeper,25,0,0,0,0,,,baja
Ecuador,Ángelo Preciado,Defence,28,0,0,0,0,,,baja
Ecuador,William Pacho,Defence,24,0,0,0,0,,,baja
Ecuador,Jackson Porozo,Defence,25,0,0,0,0,,,baja
Ecuador,Joel Ordoñez,Defence,22,0,0,0,0,,,baja
Ecuador,Yaimar Medina,Defence,21,0,0,0,0,,,baja
Ecuador,Alan Franco,Midfield,27,0,0,0,0,,,baja
Ecuador,Jordy Alcívar,Midfield,26,0,0,0,0,,,baja
Ecuador,Pedro Vite,Midfield,24,0,0,0,0,,,baja
Ecuador,Ray Paez,Midfield,19,0,0,0,0,,,baja
Ecuador,Denil Castillo,Midfield,22,0,0,0,0,,,baja
Ecuador,John Yeboah,Offence,26,0,0,0,0,,,baja
Ecuador,Anthony Valencia,Offence,22,0,0,0,0,,,baja
Ecuador,Jeremy,Offence,21,0,0,0,0,,,baja
Sweden,Kristoffer Nordfeldt,Goalkeeper,37,0,0,0,0,,,baja
Sweden,Viktor Johansson,Goalkeeper,27,0,0,0,0,,,baja
Sweden,Jacob Widell Zetterström,Goalkeeper,27,0,0,0,0,,,baja
Sweden,Victor Nilsson-Lindelöf,Defence,31,0,0,0,0,,,baja
Sweden,Carl Starfelt,Defence,31,0,0,0,0,,,baja
Sweden,Gabriel Gudmundsson,Defence,27,0,0,0,0,,,baja
Sweden,Hjalmar Ekdal,Defence,27,0,0,0,0,,,baja
Sweden,Eric Smith,Defence,29,0,0,0,0,,,baja
Sweden,Daniel Svensson,Defence,24,0,0,0,0,,,baja
Sweden,Isak Hien,Defence,27,0,0,0,0,,,baja
Sweden,Herman Johansson,Defence,28,0,0,0,0,,,baja
Sweden,Elliot Stroud,Defence,24,0,0,0,0,,,baja
Sweden,Jesper Karlström,Midfield,31,0,0,0,0,,,baja
Sweden,Besfort Zeneli,Midfield,23,0,0,0,0,,,baja
Sweden,Taha Ali,Midfield,27,0,0,0,0,,,baja
Sweden,Lucas Bergvall,Midfield,20,0,0,0,0,,,baja
Sweden,Gustaf Nilsson,Offence,29,0,0,0,0,,,baja
Sweden,Alexander Bernhardsson,Offence,27,0,0,0,0,,,baja
Czechia,Jindřich Staněk,Goalkeeper,30,0,0,0,0,,,baja
Czechia,Matej Kovar,Goalkeeper,26,0,0,0,0,,,baja
Czechia,Lukáš Horníček,Goalkeeper,23,0,0,0,0,,,baja
Czechia,Jaroslav Zelený,Defence,33,0,0,0,0,,,baja
Czechia,Vladimir Coufal,Defence,33,0,0,0,0,,,baja
Czechia,David Zima,Defence,25,0,0,0,0,,,baja
Czechia,David Jurásek,Defence,25,0,0,0,0,,,baja
Czechia,Robin Hranac,Defence,26,0,0,0,0,,,baja
Czechia,Štěpán Chaloupek,Defence,23,0,0,0,0,,,baja
Czechia,Denis Višinský,Midfield,23,0,0,0,0,,,baja
Czechia,Alexandr Sojka,Midfield,23,0,0,0,0,,,baja
Czechia,Hugo Sochůrek,Midfield,18,0,0,0,0,,,baja
Czechia,Mojmír Chytil,Offence,27,0,0,0,0,,,baja
Croatia,Dominik Livaković,Goalkeeper,31,0,0,0,0,,,baja
Croatia,Ivor Pandur,Goalkeeper,26,0,0,0,0,,,baja
Croatia,Dominik Kotarski,Goalkeeper,26,0,0,0,0,,,baja
Croatia,Marin Pongračić,Defence,28,0,0,0,0,,,baja
Croatia,Martin Erlic,Defence,28,0,0,0,0,,,baja
Croatia,Josip Stanišić,Defence,26,0,0,0,0,,,baja
Croatia,Josip Šutalo,Defence,26,0,0,0,0,,,baja
Croatia,Luka Vušković,Defence,19,0,0,0,0,,,baja
Croatia,Nikola Moro,Midfield,28,0,0,0,0,,,baja
Croatia,Petar Sucic,Midfield,22,0,0,0,0,,,baja
Croatia,Marco Pašalić,Offence,25,0,0,0,0,,,baja
Croatia,Igor Matanovic,Offence,23,0,0,0,0,,,baja
Saudi Arabia,Mohammed Al Owais,Goalkeeper,34,0,0,0,0,,,baja
Saudi Arabia,Nawaf Al Aqidi,Goalkeeper,26,0,0,0,0,,,baja
Saudi Arabia,Ahmed Al Kassar,Goalkeeper,35,0,0,0,0,,,baja
Saudi Arabia,Abdulelah Al Amri,Defence,29,0,0,0,0,,,baja
Saudi Arabia,Saud Abdulhamid,Defence,26,0,0,0,0,,,baja
Saudi Arabia,Hassan Al Tambakti,Defence,27,0,0,0,0,,,baja
Saudi Arabia,Moteb Al Harbi,Defence,26,0,0,0,0,,,baja
Saudi Arabia,Ali Majrashi,Defence,26,0,0,0,0,,,baja
Saudi Arabia,Jehad Thakri,Defence,24,0,0,0,0,,,baja
Saudi Arabia,Nawaf Boushal,Defence,26,0,0,0,0,,,baja
Saudi Arabia,Salem Al Dawsari,Midfield,34,0,0,0,0,,,baja
Saudi Arabia,Abdullah Al Khaibari,Midfield,29,0,0,0,0,,,baja
Saudi Arabia,Nasser Al Dawsari,Midfield,27,0,0,0,0,,,baja
Saudi Arabia,Ayman Yahya,Midfield,25,0,0,0,0,,,baja
Saudi Arabia,Musab Al Juwayr,Midfield,23,0,0,0,0,,,baja
Saudi Arabia,Mohammed Kanno,Midfield,31,0,0,0,0,,,baja
Saudi Arabia,Ziyad Al-Johani,Midfield,24,0,0,0,0,,,baja
Saudi Arabia,Mohammed Abu Al Shamat,Midfield,23,0,0,0,0,,,baja
Saudi Arabia,Alaa Al Hejji,Midfield,30,0,0,0,0,,,baja
Saudi Arabia,Sultan Mandash,Offence,31,0,0,0,0,,,baja
Saudi Arabia,Saleh Al Shehri,Offence,32,0,0,0,0,,,baja
Saudi Arabia,Khalid Al Ghannam,Offence,25,0,0,0,0,,,baja
Saudi Arabia,Firas Al Brikan,Offence,26,0,0,0,0,,,baja
Tunisia,Aymen Dahmen,Goalkeeper,29,0,0,0,0,,,baja
Tunisia,Sabri Ben Hessen,Goalkeeper,30,0,0,0,0,,,baja
Tunisia,Abdelmouhib Chamakh,Goalkeeper,24,0,0,0,0,,,baja
Tunisia,Ali El Abdi,Defence,32,0,0,0,0,,,baja
Tunisia,Yan Valery,Defence,27,0,0,0,0,,,baja
Tunisia,Mortadha Ben Ouanes,Defence,31,0,0,0,0,,,baja
Tunisia,Moutaz Neffati,Defence,21,0,0,0,0,,,baja
Tunisia,Mohamed Amine Ben Hamida,Defence,30,0,0,0,0,,,baja
Tunisia,Adem Arous,Defence,21,0,0,0,0,,,baja
Tunisia,Rani Khedira,Midfield,32,0,0,0,0,,,baja
Tunisia,Hadj Mahmoud,Midfield,26,0,0,0,0,,,baja
Tunisia,Sebastian Tounekti,Offence,23,0,0,0,0,,,baja
Tunisia,Rayan Elloumi,Offence,18,0,0,0,0,,,baja
Tunisia,Khalil Ayari,Offence,21,0,0,0,0,,,baja
Turkey,Mert Günok,Goalkeeper,37,0,0,0,0,,,baja
Turkey,Altay Bayındır,Goalkeeper,28,0,0,0,0,,,baja
Turkey,Uğurcan Çakır,Goalkeeper,30,0,0,0,0,,,baja
Turkey,Ozan Kabak,Defence,26,0,0,0,0,,,baja
Turkey,Samet Akaydın,Defence,32,0,0,0,0,,,baja
Turkey,Evren Eren Elmalı,Defence,25,0,0,0,0,,,baja
Turkey,Arda Guler,Midfield,21,0,0,0,0,,,baja
Turkey,Oguz Aydin,Midfield,25,0,0,0,0,,,baja
Turkey,Baris Yilmaz,Midfield,26,0,0,0,0,,,baja
Turkey,Muhammed Kerem Aktürkoğlu,Offence,27,0,0,0,0,,,baja
Turkey,Deniz Gul,Offence,21,0,0,0,0,,,baja
Turkey,Can Uzun,Offence,20,0,0,0,0,,,baja
Senegal,Edouard Mendy,Goalkeeper,34,0,0,0,0,,,baja
Senegal,Yehvann Diouf,Goalkeeper,26,0,0,0,0,,,baja
Senegal,Mory Diaw,Goalkeeper,33,0,0,0,0,,,baja
Senegal,Ismail Jakobs,Defence,26,0,0,0,0,,,baja
Senegal,Moussa Niakhaté,Defence,30,0,0,0,0,,,baja
Senegal,Antoine Mendy,Defence,22,0,0,0,0,,,baja
Senegal,Mamadou Sarr,Defence,20,0,0,0,0,,,baja
Senegal,Idrissa Gana Guèye,Midfield,36,0,0,0,0,,,baja
Senegal,Pathé Ciss,Midfield,32,0,0,0,0,,,baja
Senegal,Habib Diarra,Midfield,22,0,0,0,0,,,baja
Senegal,Bara Ndiaye,Midfield,18,0,0,0,0,,,baja
Senegal,Ahmadou Bamba Dieng,Offence,26,0,0,0,0,,,baja
Senegal,Assane Diao,Offence,20,0,0,0,0,,,baja
Senegal,Ibrahim M'Baye,Offence,18,0,0,0,0,,,baja
Belgium,Thibaut Courtois,Goalkeeper,34,0,0,0,0,,,baja
Belgium,Senne Lammens,Goalkeeper,23,0,0,0,0,,,baja
Belgium,Mike Penders,Goalkeeper,20,0,0,0,0,,,baja
Belgium,Koni De Winter,Defence,24,0,0,0,0,,,baja
Belgium,Zeno Debast,Defence,22,0,0,0,0,,,baja
Belgium,Nathan Ngoy,Defence,23,0,0,0,0,,,baja
Belgium,Joaquin Seys,Defence,21,0,0,0,0,,,baja
Belgium,Jeremy Doku,Midfield,24,0,0,0,0,,,baja
Belgium,Amadou Onana,Midfield,24,0,0,0,0,,,baja
Belgium,Diego Moreira,Midfield,21,0,0,0,0,,,baja
Belgium,Matias Fernandez-Pardo,Offence,21,0,0,0,0,,,baja
Morocco,Munir Mohamedi,Goalkeeper,37,0,0,0,0,,,baja
Morocco,Yassine Bounou,Goalkeeper,35,0,0,0,0,,,baja
Morocco,Ahmed Reda Tagnaouti,Goalkeeper,30,0,0,0,0,,,baja
Morocco,Noussair Mazraoui,Defence,28,0,0,0,0,,,baja
Morocco,Issa Diop,Defence,29,0,0,0,0,,,baja
Morocco,Anass Salah-Eddine,Defence,24,0,0,0,0,,,baja
Morocco,Redouane Halhal,Defence,23,0,0,0,0,,,baja
Morocco,Zakaria El Ouahdi,Defence,24,0,0,0,0,,,baja
Morocco,Youssef Belammari,Defence,27,0,0,0,0,,,baja
Morocco,Sofyan Amrabat,Midfield,29,0,0,0,0,,,baja
Morocco,Brahim Diaz,Midfield,26,0,0,0,0,,,baja
Morocco,Neil El Aynaoui,Midfield,24,0,0,0,0,,,baja
Morocco,Chemsdine Talbi,Midfield,21,0,0,0,0,,,baja
Morocco,Ayyoub Bouaddi,Midfield,18,0,0,0,0,,,baja
Morocco,Samir El Mourabet,Midfield,20,0,0,0,0,,,baja
Morocco,Abdessamad Ezzalzouli,Offence,24,0,0,0,0,,,baja
Morocco,Ayoube Amaimouni-Echghouyab,Offence,21,0,0,0,0,,,baja
Austria,Alexander Schlager,Goalkeeper,30,0,0,0,0,,,baja
Austria,Patrick Pentz,Goalkeeper,29,0,0,0,0,,,baja
Austria,Florian Wiegele,Goalkeeper,25,0,0,0,0,,,baja
Austria,Philipp Mwene,Defence,32,0,0,0,0,,,baja
Austria,Kevin Danso,Defence,27,0,0,0,0,,,baja
Austria,Marco Friedl,Defence,28,0,0,0,0,,,baja
Austria,Michael Svoboda,Defence,27,0,0,0,0,,,baja
Austria,Alexander Prass,Defence,25,0,0,0,0,,,baja
Austria,David Affengruber,Defence,25,0,0,0,0,,,baja
Austria,Florian Grillitsch,Midfield,30,0,0,0,0,,,baja
Austria,Nicolas  Seiwald,Midfield,25,0,0,0,0,,,baja
Austria,Patrick Wimmer,Midfield,25,0,0,0,0,,,baja
Austria,Carney Chukwuemeka,Midfield,22,0,0,0,0,,,baja
Austria,Paul Wanner,Midfield,20,0,0,0,0,,,baja
Austria,Marko Arnautovic,Offence,37,0,0,0,0,,,baja
Colombia,Camilo Vargas,Goalkeeper,37,0,0,0,0,,,baja
Colombia,David Ospina,Goalkeeper,37,0,0,0,0,,,baja
Colombia,Álvaro Montero,Goalkeeper,31,0,0,0,0,,,baja
Colombia,Santiago Arias,Defence,34,0,0,0,0,,,baja
Colombia,Johan Mojica,Defence,33,0,0,0,0,,,baja
Colombia,Deiver Machado,Defence,32,0,0,0,0,,,baja
Colombia,Jhon Lucumí,Defence,28,0,0,0,0,,,baja
Colombia,Willer Ditta,Defence,29,0,0,0,0,,,baja
Colombia,Jhon Arias,Midfield,28,0,0,0,0,,,baja
Colombia,Jorge Carrascal,Midfield,28,0,0,0,0,,,baja
Colombia,Kevin Castaño,Midfield,25,0,0,0,0,,,baja
Colombia,Richard Rios,Midfield,26,0,0,0,0,,,baja
Colombia,Juan Portilla,Midfield,27,0,0,0,0,,,baja
Colombia,Gustavo Puerta,Midfield,22,0,0,0,0,,,baja
Colombia,Cucho Hernández,Offence,27,0,0,0,0,,,baja
Colombia,Carlos Gómez,Offence,23,0,0,0,0,,,baja
Egypt,Mohamed El Shenawy,Goalkeeper,37,0,0,0,0,,,baja
Egypt,Mohamed Alaa,Goalkeeper,26,0,0,0,0,,,baja
Egypt,Oufa Shobeir,Goalkeeper,26,0,0,0,0,,,baja
Egypt,El Mahdi Soliman,Goalkeeper,39,0,0,0,0,,,baja
Egypt,Karim Hafez,Defence,30,0,0,0,0,,,baja
Egypt,Mohamed Hany,Defence,30,0,0,0,0,,,baja
Egypt,Ahmed El Fotouh,Defence,28,0,0,0,0,,,baja
Egypt,Rami Rabia,Defence,33,0,0,0,0,,,baja
Egypt,Hossam Abdelmaguid,Defence,25,0,0,0,0,,,baja
Egypt,Tarek Alaa,Defence,24,0,0,0,0,,,baja
Egypt,Zizo,Midfield,30,0,0,0,0,,,baja
Egypt,Nabil Dunga,Midfield,30,0,0,0,0,,,baja
Egypt,Hamdy Fathy,Midfield,31,0,0,0,0,,,baja
Egypt,Trezeguet,Midfield,31,0,0,0,0,,,baja
Egypt,Mohanad Lashin,Midfield,30,0,0,0,0,,,baja
Egypt,Mahmoud Saber,Midfield,24,0,0,0,0,,,baja
Egypt,Haissem Hassan,Offence,24,0,0,0,0,,,baja
Egypt,Hamza Abdelkarim,Offence,18,0,0,0,0,,,baja
Canada,Maxime Crépeau,Goalkeeper,32,0,0,0,0,,,baja
Canada,Dayne St. Clair,Goalkeeper,29,0,0,0,0,,,baja
Canada,Owen Goodman,Goalkeeper,22,0,0,0,0,,,baja
Canada,Alfie Jones,Defence,28,0,0,0,0,,,baja
Canada,Joel Waterman,Defence,30,0,0,0,0,,,baja
Canada,Derek Cornelius,Defence,28,0,0,0,0,,,baja
Canada,Moise Bombito,Defence,26,0,0,0,0,,,baja
Canada,Luc De Fougerolles,Defence,20,0,0,0,0,,,baja
Canada,Mathieu Choinière,Midfield,27,0,0,0,0,,,baja
Canada,Marcelo Flores,Midfield,22,0,0,0,0,,,baja
Canada,Nathan-Dylan Saliba,Midfield,22,0,0,0,0,,,baja
Canada,Ismael Kone,Midfield,24,0,0,0,0,,,baja
Canada,Ali Ahmed,Midfield,25,0,0,0,0,,,baja
Canada,Promise Akinpelu,Offence,24,0,0,0,0,,,baja
Haiti,Alexandre Pierre,Goalkeeper,25,0,0,0,0,,,baja
Haiti,Johny Placide,Goalkeeper,38,0,0,0,0,,,baja
Haiti,Josué Duverger,Goalkeeper,26,0,0,0,0,,,baja
Haiti,Carlens Arcus,Defence,29,0,0,0,0,,,baja
Haiti,Jean-Kevin Duverne,Defence,28,0,0,0,0,,,baja
Haiti,Hannes Delcroix,Defence,27,0,0,0,0,,,baja
Haiti,Martin Expérience,Defence,27,0,0,0,0,,,baja
Haiti,Duke LaCroix,Defence,32,0,0,0,0,,,baja
Haiti,Garven-Michee Metusala,Defence,26,0,0,0,0,,,baja
Haiti,Keeto Thermoncy,Defence,20,0,0,0,0,,,baja
Haiti,Wilguens Paugain,Defence,24,0,0,0,0,,,baja
Haiti,Jean-Ricner Bellegarde,Midfield,27,0,0,0,0,,,baja
Haiti,Dominique Simon,Midfield,25,0,0,0,0,,,baja
Haiti,Carl Sainté,Midfield,23,0,0,0,0,,,baja
Haiti,Woodensky Pierre,Midfield,21,0,0,0,0,,,baja
Haiti,Yassin Fortune,Offence,27,0,0,0,0,,,baja
Haiti,Lenny Joseph,Offence,25,0,0,0,0,,,baja
Haiti,Josué Casimir,Offence,24,0,0,0,0,,,baja
Iran,Hossein Hosseini,Goalkeeper,33,0,0,0,0,,,baja
Iran,Payam Niazmand,Goalkeeper,31,0,0,0,0,,,baja
Iran,Alireza Beiranvand,Goalkeeper,33,0,0,0,0,,,baja
Iran,Ali Nemati,Defence,30,0,0,0,0,,,baja
Iran,Danial Eiri,Defence,22,0,0,0,0,,,baja
Iran,Mohammad Ghorbani,Midfield,25,0,0,0,0,,,baja
Iran,Ariya Yousefi,Midfield,24,0,0,0,0,,,baja
Iran,Medhi Ghayedi,Midfield,27,0,0,0,0,,,baja
Iran,Amir Razzaghinia,Midfield,20,0,0,0,0,,,baja
Iran,Dennis Eckert,Offence,29,0,0,0,0,,,baja
Iran,Ali Alipour,Offence,30,0,0,0,0,,,baja
Iran,Shahriar Moghanlou,Offence,31,0,0,0,0,,,baja
Iran,Amir Hosseinzadeh,Offence,25,0,0,0,0,,,baja
Bosnia-Herzegovina,Martin Zlomislić,Goalkeeper,27,0,0,0,0,,,baja
Bosnia-Herzegovina,Nikola Vasilj,Goalkeeper,30,0,0,0,0,,,baja
Bosnia-Herzegovina,Mladen Jurkas,Goalkeeper,18,0,0,0,0,,,baja
Bosnia-Herzegovina,Sead Kolašinac,Defence,33,0,0,0,0,,,baja
Bosnia-Herzegovina,Dennis Hadžikadunić,Defence,27,0,0,0,0,,,baja
Bosnia-Herzegovina,Stjepan Radeljić,Defence,28,0,0,0,0,,,baja
Bosnia-Herzegovina,Tarik Muharemović,Defence,23,0,0,0,0,,,baja
Bosnia-Herzegovina,Arjan Malic,Defence,20,0,0,0,0,,,baja
Bosnia-Herzegovina,Dženis Burnić,Midfield,28,0,0,0,0,,,baja
Bosnia-Herzegovina,Ivan Šunjić,Midfield,29,0,0,0,0,,,baja
Bosnia-Herzegovina,Amir Hadžiahmetović,Midfield,29,0,0,0,0,,,baja
Bosnia-Herzegovina,Armin Gigovic,Midfield,24,0,0,0,0,,,baja
Bosnia-Herzegovina,Ivan Bašić,Midfield,24,0,0,0,0,,,baja
Bosnia-Herzegovina,Benjamin Tahirovic,Midfield,23,0,0,0,0,,,baja
Bosnia-Herzegovina,Ermin Mahmic,Midfield,21,0,0,0,0,,,baja
Bosnia-Herzegovina,Amar Memić,Midfield,25,0,0,0,0,,,baja
Bosnia-Herzegovina,Ermedin Demirovic,Offence,28,0,0,0,0,,,baja
Bosnia-Herzegovina,Samed Bazdar,Offence,22,0,0,0,0,,,baja
Bosnia-Herzegovina,Esmir Bajraktarevic,Offence,21,0,0,0,0,,,baja
Panama,Luis Mejía,Goalkeeper,35,0,0,0,0,,,baja
Panama,Orlando Mosquera,Goalkeeper,31,0,0,0,0,,,baja
Panama,Cesar Samudio,Goalkeeper,32,0,0,0,0,,,baja
Panama,Roderick Miller,Defence,34,0,0,0,0,,,baja
Panama,Éric Davis,Defence,35,0,0,0,0,,,baja
Panama,Jiovany Ramos,Defence,29,0,0,0,0,,,baja
Panama,José Cordoba,Defence,25,0,0,0,0,,,baja
Panama,Michael Murillo,Defence,30,0,0,0,0,,,baja
Panama,Edgardo Fariña,Defence,24,0,0,0,0,,,baja
Panama,Jorge Gutiérrez,Defence,27,0,0,0,0,,,baja
Panama,Adalberto Carrasquilla,Midfield,27,0,0,0,0,,,baja
Panama,Édgar Bárcenas,Midfield,32,0,0,0,0,,,baja
Panama,Christian Martinez,Midfield,29,0,0,0,0,,,baja
Panama,Tomas Rodriguez,Offence,27,0,0,0,0,,,baja
Panama,Azarias Londoño,Offence,25,0,0,0,0,,,baja
Cape Verde Islands,Márcio Rosa,Goalkeeper,29,0,0,0,0,,,baja
Cape Verde Islands,Vózinha,Goalkeeper,40,0,0,0,0,,,baja
Cape Verde Islands,C.J. dos Santos,Goalkeeper,25,0,0,0,0,,,baja
Cape Verde Islands,Steven Moreira,Defence,31,0,0,0,0,,,baja
Cape Verde Islands,Logan Costa,Defence,25,0,0,0,0,,,baja
Cape Verde Islands,Roberto Lopes,Defence,34,0,0,0,0,,,baja
Cape Verde Islands,Diney Borges,Defence,31,0,0,0,0,,,baja
Cape Verde Islands,Wagner Pina,Defence,23,0,0,0,0,,,baja
Cape Verde Islands,Kelvin Pires,Defence,26,0,0,0,0,,,baja
Cape Verde Islands,Deroy Duarte,Midfield,26,0,0,0,0,,,baja
Cape Verde Islands,Laros Duarte,Midfield,29,0,0,0,0,,,baja
Cape Verde Islands,Nuno Da Costa,Offence,35,0,0,0,0,,,baja
Cape Verde Islands,Dailon Rocha Livramento,Offence,25,0,0,0,0,,,baja
Congo DR,Timothy Fayulu,Goalkeeper,26,0,0,0,0,,,baja
Congo DR,Lionel Mpasi,Goalkeeper,31,0,0,0,0,,,baja
Congo DR,Matthieu Epolo,Goalkeeper,21,0,0,0,0,,,baja
Congo DR,Aaron Wan-Bissaka,Defence,28,0,0,0,0,,,baja
Congo DR,Joris Kayembe,Defence,31,0,0,0,0,,,baja
Congo DR,Dylan Batubinsika,Defence,30,0,0,0,0,,,baja
Congo DR,Gédéon Kalulu,Defence,28,0,0,0,0,,,baja
Congo DR,Steve Kapuadi,Defence,28,0,0,0,0,,,baja
Congo DR,Samuel Moutoussamy,Midfield,29,0,0,0,0,,,baja
Congo DR,Edo Kayembe,Midfield,28,0,0,0,0,,,baja
Congo DR,Aaron Tshibola,Midfield,31,0,0,0,0,,,baja
Congo DR,Noah Sadiki,Midfield,21,0,0,0,0,,,baja
Congo DR,Ngal'ayel Mukau,Midfield,21,0,0,0,0,,,baja
Congo DR,Simon Banza,Offence,29,0,0,0,0,,,baja
Congo DR,Nathanael Mbuku,Offence,24,0,0,0,0,,,baja
Congo DR,Meschack Elia,Offence,28,0,0,0,0,,,baja
Congo DR,Brian Cipenga,Offence,28,0,0,0,0,,,baja
Ivory Coast,Yahia Fofana,Goalkeeper,25,0,0,0,0,,,baja
Ivory Coast,Alban Lafont,Goalkeeper,27,0,0,0,0,,,baja
Ivory Coast,Mohamed Kone,Goalkeeper,24,0,0,0,0,,,baja
Ivory Coast,Evan N'Dicka,Defence,26,0,0,0,0,,,baja
Ivory Coast,Christopher Operi,Defence,29,0,0,0,0,,,baja
Ivory Coast,Ghislain Konan,Defence,30,0,0,0,0,,,baja
Ivory Coast,Wilfried Singo,Defence,25,0,0,0,0,,,baja
Ivory Coast,Guela Doué,Defence,23,0,0,0,0,,,baja
Ivory Coast,Odilon Kossounou,Defence,25,0,0,0,0,,,baja
Ivory Coast,Ousmane Diomande,Defence,22,0,0,0,0,,,baja
Ivory Coast,Parfait Guiagon,Midfield,25,0,0,0,0,,,baja
Ivory Coast,Christ Ravynel Inao Oulaï,Midfield,20,0,0,0,0,,,baja
Ivory Coast,Ange-Yoan Bonny,Offence,22,0,0,0,0,,,baja
Ivory Coast,Sepe Elye Wahi,Offence,23,0,0,0,0,,,baja
Ivory Coast,Oumar Diakite,Offence,22,0,0,0,0,,,baja
Ivory Coast,Yan Diomandé,Offence,19,0,0,0,0,,,baja
Qatar,Salah Zakaria,Goalkeeper,27,0,0,0,0,,,baja
Qatar,Meshaal Barsham,Goalkeeper,28,0,0,0,0,,,baja
Qatar,Mahmoud Abunada,Goalkeeper,26,0,0,0,0,,,baja
Qatar,Jassem Gaber Abdulsallam,Defence,24,0,0,0,0,,,baja
Qatar,Sultan Al Brake,Defence,30,0,0,0,0,,,baja
Qatar,Hashemi Al Hussain,Defence,22,0,0,0,0,,,baja
Qatar,Issa Laye,Defence,28,0,0,0,0,,,baja
Qatar,Ayoub Al-Oui,Defence,21,0,0,0,0,,,baja
Qatar,Assim Madibo,Midfield,29,0,0,0,0,,,baja
Qatar,Tahsin Jamshid,Midfield,20,0,0,0,0,,,baja
Qatar,Mohamed Al-Mannai,Midfield,22,0,0,0,0,,,baja
Qatar,Hassan Al Haydos,Offence,35,0,0,0,0,,,baja
Qatar,Ahmed Alaa Eldin,Offence,33,0,0,0,0,,,baja
Jordan,Yazeed Abu Layla,Goalkeeper,33,0,0,0,0,,,baja
Jordan,Abdallah Al Fakhouri,Goalkeeper,26,0,0,0,0,,,baja
Jordan,Noureddin Bani Ateyah,Goalkeeper,33,0,0,0,0,,,baja
Jordan,Ehsan Haddad,Defence,32,0,0,0,0,,,baja
Jordan,Saleem Obaid,Defence,34,0,0,0,0,,,baja
Jordan,Yazan Al Arab,Defence,30,0,0,0,0,,,baja
Jordan,Mohammad Abualnadi,Defence,25,0,0,0,0,,,baja
Jordan,Abdallah Naseeb,Defence,32,0,0,0,0,,,baja
Jordan,Saed Al Rosan,Defence,29,0,0,0,0,,,baja
Jordan,Husam Abu Dahab,Defence,26,0,0,0,0,,,baja
Jordan,Anas Badawi,Defence,28,0,0,0,0,,,baja
Jordan,Nizar Al Rashdan,Midfield,27,0,0,0,0,,,baja
Jordan,Rajaei Ayed,Midfield,32,0,0,0,0,,,baja
Jordan,Noor Al Rawabdeh,Midfield,29,0,0,0,0,,,baja
Jordan,Mohammad Abu Hasheesh,Midfield,31,0,0,0,0,,,baja
Jordan,Ibrahim Saadeh,Midfield,26,0,0,0,0,,,baja
Jordan,Mohammad Al-Dawoud,Midfield,33,0,0,0,0,,,baja
Jordan,Amer Jamous,Midfield,23,0,0,0,0,,,baja
Jordan,Musa Al Taamari,Offence,29,0,0,0,0,,,baja
Jordan,Mahmoud Al Mardi,Offence,32,0,0,0,0,,,baja
Jordan,Mohannad Abu Taha,Offence,23,0,0,0,0,,,baja
Jordan,Ibrahim Sabra,Offence,20,0,0,0,0,,,baja
Jordan,Odeh Fakhoury,Offence,20,0,0,0,0,,,baja
Jordan,Ali Azaizeh,Offence,22,0,0,0,0,,,baja
Iraq,Jalal Hassan,Goalkeeper,35,0,0,0,0,,,baja
Iraq,Fahad Talib,Goalkeeper,31,0,0,0,0,,,baja
Iraq,Ahmed Basil,Goalkeeper,29,0,0,0,0,,,baja
Iraq,Merchas Doski,Defence,26,0,0,0,0,,,baja
Iraq,Mustafa Saadoun,Defence,25,0,0,0,0,,,baja
Iraq,Ahmed Yahya,Defence,30,0,0,0,0,,,baja
Iraq,Frans Putros,Defence,32,0,0,0,0,,,baja
Iraq,Manaf Younis,Defence,29,0,0,0,0,,,baja
Iraq,Akam Hashem,Defence,27,0,0,0,0,,,baja
Iraq,Amir Al Ammari,Midfield,28,0,0,0,0,,,baja
Iraq,Kevin Yakob,Midfield,25,0,0,0,0,,,baja
Iraq,Aimar Sher,Midfield,23,0,0,0,0,,,baja
Iraq,Ahmed Qasem,Midfield,22,0,0,0,0,,,baja
Iraq,Zaid Ismail,Midfield,24,0,0,0,0,,,baja
Iraq,Marko Farji,Offence,22,0,0,0,0,,,baja
Iraq,Ali Jassim El-Aibi,Offence,22,0,0,0,0,,,baja
Iraq,Ali Yousif,Offence,30,0,0,0,0,,,baja
Uzbekistan,Abduvakhid Nematov,Goalkeeper,25,0,0,0,0,,,baja
Uzbekistan,Botir Ergashev,Goalkeeper,31,0,0,0,0,,,baja
Uzbekistan,Utkir Yusupov,Goalkeeper,35,0,0,0,0,,,baja
Uzbekistan,Umar Eshmurodov,Defence,33,0,0,0,0,,,baja
Uzbekistan,Abdukodir Khusanov,Defence,22,0,0,0,0,,,baja
Uzbekistan,Jakhongir O'rozov,Defence,22,0,0,0,0,,,baja
Uzbekistan,Farrukh Sayfiyev,Defence,35,0,0,0,0,,,baja
Uzbekistan,Khodjiakbar Alijonov,Defence,29,0,0,0,0,,,baja
Uzbekistan,Sherzod Nasrullayev,Defence,27,0,0,0,0,,,baja
Uzbekistan,Abdulla Abdullayev,Defence,28,0,0,0,0,,,baja
Uzbekistan,Bekhruz Karimov,Defence,18,0,0,0,0,,,baja
Uzbekistan,Avazbek Ulmasaliev,Defence,26,0,0,0,0,,,baja
Uzbekistan,Dostonbek Xamdamov,Midfield,29,0,0,0,0,,,baja
Uzbekistan,Akmal Mozgovoy,Midfield,26,0,0,0,0,,,baja
Uzbekistan,Azizjon Ganiev,Midfield,28,0,0,0,0,,,baja
Uzbekistan,Sherzod Esanov,Midfield,23,0,0,0,0,,,baja
Uzbekistan,Ruslanbek Jiyanov,Offence,25,0,0,0,0,,,baja
Uzbekistan,Azizbek Amonov,Offence,28,0,0,0,0,,,baja
Netherlands,Mark Flekken,Goalkeeper,33,0,0,0,0,,,baja
Netherlands,Bart Verbruggen,Goalkeeper,23,0,0,0,0,,,baja
Netherlands,Robin Roefs,Goalkeeper,23,0,0,0,0,,,baja
Netherlands,Jurrien Timber,Defence,25,0,0,0,0,,,baja
Netherlands,Mickey van de Ven,Defence,25,0,0,0,0,,,baja
Netherlands,Jorrel Hato,Defence,20,0,0,0,0,,,baja
Netherlands,Ryan Gravenberch,Midfield,24,0,0,0,0,,,baja
Netherlands,Justin Kluivert,Offence,27,0,0,0,0,,,baja
Norway,Ørjan Nyland,Goalkeeper,35,0,0,0,0,,,baja
Norway,Egil Selvik,Goalkeeper,28,0,0,0,0,,,baja
Norway,Sander Tangvik,Goalkeeper,23,0,0,0,0,,,baja
Norway,Torbjørn Heggem,Defence,27,0,0,0,0,,,baja
Norway,Fredrik Bjørkan,Defence,27,0,0,0,0,,,baja
Norway,Marcus Pedersen,Defence,25,0,0,0,0,,,baja
Norway,Henrik Falchener,Defence,23,0,0,0,0,,,baja
Norway,Sondre Langås,Defence,25,0,0,0,0,,,baja
Norway,David Wolfe,Defence,24,0,0,0,0,,,baja
Norway,Morten Thorsby,Midfield,30,0,0,0,0,,,baja
Norway,Patrick Berg,Midfield,28,0,0,0,0,,,baja
Norway,Oscar Bobb,Midfield,22,0,0,0,0,,,baja
Norway,Jens Hauge,Offence,26,0,0,0,0,,,baja
Norway,Andreas Schjelderup,Offence,22,0,0,0,0,,,baja
Scotland,Angus Gunn,Goalkeeper,30,0,0,0,0,,,baja
Scotland,Craig Gordon,Goalkeeper,43,0,0,0,0,,,baja
Scotland,Liam Kelly,Goalkeeper,30,0,0,0,0,,,baja
Scotland,Dominic Hyam,Defence,30,0,0,0,0,,,baja
Scotland,Aaron Hickey,Defence,24,0,0,0,0,,,baja
Scotland,Ben Doak,Midfield,20,0,0,0,0,,,baja
Scotland,Findlay Curtis,Midfield,,0,0,0,0,,,baja
Scotland,Tyler Fletcher,Midfield,19,0,0,0,0,,,baja
Scotland,George Hirst,Offence,27,0,0,0,0,,,baja
Scotland,Ross Stewart,Offence,29,0,0,0,0,,,baja
Curaçao,Trevor Doornbusch,Goalkeeper,26,0,0,0,0,,,baja
Curaçao,Eloy Room,Goalkeeper,37,0,0,0,0,,,baja
Curaçao,Tyrick Bodak,Goalkeeper,24,0,0,0,0,,,baja
Curaçao,Joshua Brenet,Defence,32,0,0,0,0,,,baja
Curaçao,Armando Obispo,Defence,27,0,0,0,0,,,baja
Curaçao,Sheral Floranus,Defence,27,0,0,0,0,,,baja
Curaçao,Riechedly Bazoer,Defence,29,0,0,0,0,,,baja
Curaçao,Shurandy Sambo,Defence,24,0,0,0,0,,,baja
Curaçao,Deveron Fonville,Defence,23,0,0,0,0,,,baja
Curaçao,Godfried Roemeratoe,Midfield,26,0,0,0,0,,,baja
Curaçao,Jürgen Locadia,Offence,32,0,0,0,0,,,baja
