player,team_2018_22,wc_xg,wc_goals,wc_shots,wc_assists
Lionel Andrés Messi Cuccittini,Argentina,9.48,10,52,4
Harry Kane,England,7.14,9,27,3
Kylian Mbappé Lottin,France,6.79,13,40,2
Neymar da Silva Santos Junior,Brazil,6.31,4,39,1
Cristiano Ronaldo dos Santos Aveiro,Portugal,4.64,5,33,0
Olivier Giroud,France,4.54,4,32,1
Luka Modrić,Croatia,4.53,5,19,1
Robert Lewandowski,Poland,4.31,2,21,1
Romelu Lukaku Menama,Belgium,4.29,4,19,0
Antoine Griezmann,France,4.05,4,27,5
Aleksandar Mitrović,Serbia,3.76,3,26,0
Eden Hazard,Belgium,3.28,3,19,2
Michy Batshuayi Tunga,Belgium,3.14,2,14,0
Lautaro Javier Martínez,Argentina,2.91,1,15,0
Ivan Perišić,Croatia,2.87,4,40,4
Marcus Rashford,England,2.75,4,17,0
Andrej Kramarić,Croatia,2.73,4,22,0
Mario Mandžukić,Croatia,2.71,3,12,1
Breel-Donald Embolo,Switzerland,2.58,2,10,1
Ivan Rakitić,Croatia,2.58,3,17,0
Marcus Berg,Sweden,2.55,0,15,0
Edinson Roberto Cavani Gómez,Uruguay,2.33,3,19,0
Diego da Silva Costa,Spain,2.3,3,11,0
Marcelo Brozović,Croatia,2.27,2,10,1
Nikola Vlašić,Croatia,2.2,2,7,0
Ismaïla Sarr,Senegal,2.1,1,13,0
Randal Kolo Muani,France,2.05,2,5,0
Heung-Min Son,South Korea,2.03,2,23,1
Gerard Piqué Bernabéu,Spain,2.01,1,9,0
Mile Jedinak,Australia,1.99,2,6,0
Andreas Granqvist,Sweden,1.94,2,6,0
John Stones,England,1.94,2,10,0
Sergei Ignashevich,Russia,1.93,2,5,0
Enner Remberto Valencia Lastra,Ecuador,1.92,3,9,0
Luis Alberto Suárez Díaz,Uruguay,1.92,2,16,2
Carlos Alberto Vela Garrido,Mexico,1.91,1,10,0
Julián Álvarez,Argentina,1.91,4,11,0
Denis Cheryshev,Russia,1.9,5,14,0
Gylfi Þór Sigurðsson,Iceland,1.88,1,10,0
Radamel Falcao García Zárate,Colombia,1.88,2,9,0
Mehdi Taremi,Iran,1.85,2,9,1
Salem Mohammed Al Dawsari,Saudi Arabia,1.83,3,14,0
Christian Dannemann Eriksen,Denmark,1.81,1,16,1
Gabriel Fernando de Jesus,Brazil,1.79,0,12,0
Sardar Azmoun,Iran,1.79,0,10,0
Philippe Coutinho Correia,Brazil,1.78,2,23,2
Marko Livaja,Croatia,1.77,1,7,1
Wahbi Khazri,Tunisia,1.76,3,17,2
M'Baye Babacar Niang,Senegal,1.73,1,8,0
Niclas Füllkrug,Germany,1.69,2,8,1
Gonçalo Matias Ramos,Portugal,1.67,3,7,1
Artem Dzyuba,Russia,1.66,3,8,2
Richarlison de Andrade,Brazil,1.62,3,8,0
Roberto Firmino Barbosa de Oliveira,Brazil,1.61,1,6,0
Fyodor Smolov,Russia,1.6,1,4,0
Mohamed Salah,Egypt,1.6,2,6,0
Gonzalo Ariel Montiel,Argentina,1.59,2,3,0
Lovro Majer,Croatia,1.59,2,5,0
Hakim Ziyech,Morocco,1.58,2,20,1
Leandro Daniel Paredes,Argentina,1.58,2,3,0
Ante Rebić,Croatia,1.54,1,15,0
Fakhreddine Ben Youssef,Tunisia,1.54,1,7,0
Raheem Sterling,England,1.52,1,12,1
Eric Dier,England,1.51,1,6,0
Giorgian Daniel De Arrascaeta Benedetti,Uruguay,1.5,2,4,0
Mateo Kovačić,Croatia,1.48,0,8,1
Mario Gómez García,Germany,1.46,0,6,0
José Paulo Bezzera Maciel Júnior,Brazil,1.37,1,6,0
José Martín Cáceres Silva,Uruguay,1.33,0,7,0
Carlos Henrique Casimiro,Brazil,1.32,2,14,0
Iago Aspas Juncal,Spain,1.32,1,5,0
Takuma Asano,Japan,1.28,2,9,0
André Ayew Pelé,Ghana,1.27,1,2,0
Carlos Soler Barragán,Spain,1.27,1,5,0
Harry Maguire,England,1.27,1,17,2
Nicolai Jørgensen,Denmark,1.25,0,5,1
Rodrygo Silva de Goes,Brazil,1.25,0,7,1
Blerim Džemaili,Switzerland,1.23,1,9,0
Jesse Lingard,England,1.23,1,16,1
Phil Foden,England,1.23,1,5,0
Pedro Guilherme Abreu dos Santos,Brazil,1.22,1,5,0
Sergio Busquets i Burgos,Spain,1.21,0,8,1
Nicolás Alejandro Tagliafico,Argentina,1.19,0,7,0
Aurélien Djani Tchouaméni,France,1.18,1,7,0
Memphis Depay,Netherlands,1.18,1,10,0
Domagoj Vida,Croatia,1.16,2,4,1
Kai Havertz,Germany,1.16,2,5,0
Young-Gwon Kim,South Korea,1.16,2,3,0
Yūya Ōsako,Japan,1.16,1,7,0
Jamal Musiala,Germany,1.15,0,11,0
İlkay Gündoğan,Germany,1.15,1,7,0
Christian Pulisic,United States,1.14,1,9,2
Xherdan Shaqiri,Switzerland,1.14,2,16,2
Andrés Iniesta Luján,Spain,1.11,1,6,1
Juan Guillermo Cuadrado Bello,Colombia,1.11,2,7,1
Youssef En-Nesyri,Morocco,1.11,3,12,0
Álvaro Borja Morata Martín,Spain,1.11,3,8,1
Bruno Miguel Borges Fernandes,Portugal,1.1,2,11,3
José Paolo Guerrero Gonzáles,Peru,1.1,1,9,1
Rodrigo Bentancur Colmán,Uruguay,1.1,0,6,1
David Josué Jiménez Silva,Spain,1.09,0,10,0
Daniel Olmo Carvajal,Spain,1.08,1,12,1
Ferjani Sassi,Tunisia,1.06,1,6,0
Filip Kostić,Serbia,1.06,0,5,0
Hirving Rodrigo Lozano Bahena,Mexico,1.06,1,18,1
Jordan Brian Henderson,England,1.06,1,7,0
Manuel Obafemi Akanji,Switzerland,1.06,1,6,0
Mislav Oršić,Croatia,1.06,2,10,2
Shinji Kagawa,Japan,1.06,1,3,1
Aleksandr Golovin,Russia,1.05,2,4,2
Enzo Fernandez,Argentina,1.05,1,9,1
Wout Weghorst,Netherlands,1.05,3,3,0
Kieran Trippier,England,1.04,2,5,1
Victor Moses,Nigeria,1.04,1,7,1
Alfreð Finnbogason,Iceland,1.03,1,6,0
Khalid Boutaïb,Morocco,1.03,1,4,0
Mário Figueira Fernandes,Russia,1.02,1,2,1
Ferrán Torres García,Spain,1.01,2,4,0
Maya Yoshida,Japan,1.01,0,3,0
Sergio Ramos García,Spain,0.98,1,5,0
Steven Berghuis,Netherlands,0.98,0,6,1
Thiago Emiliano da Silva,Brazil,0.98,1,8,1
Virgil van Dijk,Netherlands,0.98,0,4,0
Milan Badelj,Croatia,0.97,1,3,1
Salman Mohammed Al Faraj,Saudi Arabia,0.97,1,3,0
Ángel Fabián Di María Hernández,Argentina,0.96,2,11,1
Achraf Hakimi Mouh,Morocco,0.95,1,6,1
Andreas Evald Cornelius,Denmark,0.95,0,6,0
Birkir Bjarnason,Iceland,0.95,0,7,0
Marco Asensio Willemsen,Spain,0.95,1,13,0
Mario Pašalić,Croatia,0.95,1,4,0
Alphonso Davies,Canada,0.93,1,4,0
Carlos Arturo Bacca Ahumada,Colombia,0.92,0,3,0
Karim Ansarifard,Iran,0.92,1,4,0
Raphael Dias Belloli,Brazil,0.92,0,8,0
Abdelhamid Sabiri,Morocco,0.91,1,4,1
Lasse Schöne,Denmark,0.9,0,5,0
Andrés Mateus Uribe Villa,Colombia,0.89,0,3,0
Bryan Ruiz González,Costa Rica,0.89,0,2,0
Jean-Charles Castelletto,Cameroon,0.89,1,1,1
Pablo Sarabia García,Spain,0.89,0,2,0
Mats Hummels,Germany,0.88,0,6,0
Ao Tanaka,Japan,0.87,1,1,0
Kingsley Coman,France,0.87,0,2,0
Teun Koopmeiners,Netherlands,0.87,1,3,1
Alan Dzagoev,Russia,0.86,1,2,1
Marcos Aoás Corrêa,Brazil,0.86,0,2,0
Luis Fernando Muriel Fruto,Colombia,0.85,1,2,0
Viktor Claesson,Sweden,0.85,0,6,1
Daler Kuzyaev,Russia,0.84,1,3,0
Jude Bellingham,England,0.84,1,5,1
Kaoru Mitoma,Japan,0.84,0,2,1
Luuk de Jong,Netherlands,0.84,1,2,0
Mathew Leckie,Australia,0.84,1,10,1
Christian Alberto Cueva Bravo,Peru,0.83,0,2,0
Josip Pivarić,Croatia,0.83,0,3,0
Takumi Minamino,Japan,0.83,0,3,0
Francisco Román Alarcón Suárez,Spain,0.82,1,10,0
Hee-Chan Hwang,South Korea,0.82,1,8,0
Gareth Frank Bale,Wales,0.81,1,2,0
Jonathan David,Canada,0.81,0,8,0
Timo Werner,Germany,0.81,0,7,0
Vinícius José Paixão de Oliveira Júnior,Brazil,0.81,1,9,2
Fahad Mosaed Al Muwallad Al Harbi,Saudi Arabia,0.8,0,2,0
Jorge Resurrección Merodio,Spain,0.8,0,2,0
Román Aureliano Torres Morcillo,Panama,0.8,0,4,0
Paulo Bruno Exequiel Dybala,Argentina,0.79,1,2,0
Badr Banoun,Morocco,0.78,0,1,0
Michael Krohn-Dehli,Denmark,0.78,1,1,0
Simon Thorup Kjær,Denmark,0.78,1,1,0
Yerry Fernando Mina González,Colombia,0.77,3,3,0
Dejan Lovren,Croatia,0.76,0,10,1
Dušan Vlahović,Serbia,0.76,1,3,0
Emil Peter Forsberg,Sweden,0.75,1,15,0
Sadio Mané,Senegal,0.75,1,3,0
Ahmed Musa,Nigeria,0.74,2,4,0
Kléper Laveran Lima Ferreira,Portugal,0.74,2,6,0
Leon Goretzka,Germany,0.74,0,6,0
Adrien Rabiot,France,0.73,1,9,1
Kevin De Bruyne,Belgium,0.73,1,19,2
Serge Gnabry,Germany,0.73,1,12,1
Frenkie de Jong,Netherlands,0.72,1,2,1
Gue-Sung Cho,South Korea,0.71,2,8,0
Tajon Buchanan,Canada,0.71,0,5,1
Lucas Tolentino Coelho de Lima,Brazil,0.7,1,4,1
Piotr Zieliński,Poland,0.7,1,7,0
Ernesto Alexis Vega Rojas,Mexico,0.69,0,9,0
Romain Saïss,Morocco,0.69,1,2,0
Toni Kroos,Germany,0.69,1,16,0
Alistair Johnston,Canada,0.67,0,2,0
Henry Josué Martín Mex,Mexico,0.67,1,4,0
João Félix Sequeira,Portugal,0.67,1,11,2
Nicolás Hernán Otamendi,Argentina,0.67,0,7,1
Sergio Leonel Agüero del Castillo,Argentina,0.67,2,6,0
Antonio Rüdiger,Germany,0.66,0,6,0
Boulaye Dia,Senegal,0.66,1,8,0
Dries Mertens,Belgium,0.66,1,9,1
Haji Wright,United States,0.66,1,7,0
Mohammed Kudus,Ghana,0.66,2,8,0
Thomas Müller,Germany,0.66,0,7,0
Bruno Guimarães Rodriguez Moura,Brazil,0.65,0,5,0
Moisés Isaac Caicedo Corozo,Ecuador,0.65,1,3,0
Kieffer Roberto Francisco Moore,Wales,0.64,0,6,0
Vincent Kompany,Belgium,0.64,0,6,0
Youssef Msakni,Tunisia,0.64,0,9,0
Jack Grealish,England,0.63,1,1,0
Keisuke Honda,Japan,0.63,1,4,1
Raphaël Varane,France,0.62,1,7,0
Younès Belhanda,Morocco,0.62,0,6,0
Zakaria Aboukhlal,Morocco,0.6,1,3,0
Grzegorz Krychowiak,Poland,0.59,1,3,0
Issam Jebali,Tunisia,0.59,0,3,0
Medhi Amine El Mouttaqi Benatia,Morocco,0.59,0,5,0
Bukayo Saka,England,0.58,3,7,0
Ritsu Doan,Japan,0.58,2,4,0
Thomas Meunier,Belgium,0.58,1,9,2
Naïm Sliti,Tunisia,0.57,0,7,0
Rodrigo Javier De Paul,Argentina,0.57,0,7,0
Cody Mathès Gakpo,Netherlands,0.56,3,5,0
Mahmoud Ibrahim Hassan,Egypt,0.55,0,8,0
Takashi Inui,Japan,0.55,2,9,1
Abderrazak Hamdallah,Morocco,0.54,0,2,0
Daizen Maeda,Japan,0.54,1,2,0
Javier Hernández Balcázar,Mexico,0.54,1,6,1
Marouane Fellaini-Bakkioui,Belgium,0.54,1,5,0
Remo Freuler,Switzerland,0.54,1,3,0
Andreas Christensen,Denmark,0.53,1,2,0
José Andrés Guardado Hernández,Mexico,0.53,0,8,0
Julian Draxler,Germany,0.53,0,6,0
Kamil Grosicki,Poland,0.53,0,5,1
Odion Jude Ighalo,Nigeria,0.53,0,5,0
Vincent Paté Aboubakar,Cameroon,0.53,2,6,1
Daley Blind,Netherlands,0.52,1,5,1
Jean-Eric Maxim Choupo-Moting,Cameroon,0.52,1,3,0
Martin Braithwaite Christensen,Denmark,0.52,0,5,0
Yeltsin Ignacio Tejeda Valverde,Costa Rica,0.52,1,2,1
Bamidele Alli,England,0.51,1,6,0
Joshua Kimmich,Germany,0.51,0,10,0
Kasper Dolberg,Denmark,0.51,0,4,0
Ola Toivonen,Sweden,0.51,1,5,1
Orbelín Pineda Alvarado,Mexico,0.51,0,4,0
Yannick Ferreira Carrasco,Belgium,0.51,0,10,0
Alexis Mac Allister,Argentina,0.5,1,7,1
Mohammed Al Burayk,Saudi Arabia,0.5,0,5,0
Renato Soares de Oliveira Augusto,Brazil,0.5,1,3,0
Saman Ghoddos,Iran,0.5,0,3,0
Sergej Milinković-Savić,Serbia,0.5,1,8,0
Nahuel Molina Lucero,Argentina,0.49,1,2,1
Raphaël Adelino José Guerreiro,Portugal,0.49,1,7,3
Almoez Ali Zainalabiddin Abdulla,Qatar,0.48,0,3,0
Michael Amir Murillo Bermudez,Panama,0.48,0,2,0
Diego Roberto Godín Leal,Uruguay,0.47,0,4,0
Frederico Rodrigues Santos,Brazil,0.47,0,3,0
José María Giménez de Vargas,Uruguay,0.46,1,7,0
Ricardo Jorge Luz Horta,Portugal,0.46,1,3,0
Ousmane Dembélé,France,0.45,0,11,2
Marwan Mohsen,Egypt,0.44,0,6,0
Timothy Weah,United States,0.44,1,5,0
Davy Klaassen,Netherlands,0.43,1,2,2
Miguel Arturo Layún Prado,Mexico,0.43,0,9,0
Mohamed Salisu,Ghana,0.43,1,2,0
Achraf Dari,Morocco,0.42,1,1,0
Aleksandr Erokhin,Russia,0.42,0,3,0
Daichi Kamada,Japan,0.42,0,6,0
Josip Drmic,Switzerland,0.42,1,4,0
Gabriel Teodoro Martinelli Silva,Brazil,0.41,0,4,0
Gonçalo Manuel Ganchinho Guedes,Portugal,0.41,0,6,0
Nacer Chadli,Belgium,0.41,1,3,1
Hiroki Sakai,Japan,0.4,0,3,0
Celso Borges Mora,Costa Rica,0.39,0,5,0
Idrissa Gana Gueye,Senegal,0.39,0,6,0
Matías Vecino Falero,Uruguay,0.39,0,5,0
Ben Davies,Wales,0.38,0,3,0
Cheikh Ahmadou Bamba Mbacke Dieng,Senegal,0.38,1,4,0
Mario Gavranović,Switzerland,0.38,0,3,1
Nicolas Alexis Julio N'Koulou Ndoubena,Cameroon,0.38,0,3,0
Weston McKennie,United States,0.38,0,5,0
Mohammed Kanoo,Saudi Arabia,0.37,0,7,0
Edgar Yoel Bárcenas Herrera,Panama,0.36,0,6,0
Ismaeel Mohammad Mohammad,Qatar,0.36,0,2,1
Joshua Sargent,United States,0.36,0,4,0
Ludwig Augustinsson,Sweden,0.36,1,3,0
Paul Pogba,France,0.36,1,7,0
Toby Alderweireld,Belgium,0.36,0,5,2
Tom Rogić,Australia,0.36,0,5,0
Yussuf Yurary Poulsen,Denmark,0.35,1,2,0
Enzo Nicolás Pérez,Argentina,0.34,0,1,0
Gleison Bremer Silva Nascimento,Brazil,0.34,0,1,0
Granit Xhaka,Switzerland,0.34,1,10,0
Héctor Alfredo Moreno Herrera,Mexico,0.34,0,3,0
Jefferson Agustín Farfán Guadalupe,Peru,0.34,0,4,0
José Miguel da Rocha Fonte,Portugal,0.34,0,4,0
Maximiliano Eduardo Meza,Argentina,0.34,0,3,0
Rodrigo Moreno Machado,Spain,0.34,0,4,0
Steven Bergwijn,Netherlands,0.34,0,2,0
Haris Seferović,Switzerland,0.33,0,2,0
Jackson Irvine,Australia,0.33,0,3,0
Jesper Lindstrøm,Denmark,0.33,0,3,0
Jonas Hofmann,Germany,0.33,0,1,0
Lisandro Martínez,Argentina,0.33,0,1,0
Yahia Attiyat allah,Morocco,0.33,0,2,1
Christian Fassnacht,Switzerland,0.32,0,1,0
Julian Brandt,Germany,0.32,0,4,0
Sofiane Boufal,Morocco,0.32,0,7,0
Ui-Jo Hwang,South Korea,0.32,0,1,0
Andreas Skov Olsen,Denmark,0.31,0,4,0
Carlos Uriel Antuna Romero,Mexico,0.31,0,2,0
Keysher Fuller Spence,Costa Rica,0.31,1,3,0
Steven Zuber,Switzerland,0.31,1,4,0
Sverrir Ingi Ingason,Iceland,0.31,0,3,0
Trent Sainsbury,Australia,0.31,0,3,0
Blaise Matuidi,France,0.3,0,5,0
Gonzalo Gerardo Higuaín,Argentina,0.3,0,3,0
Marco Reus,Germany,0.3,1,6,1
Mohamed Dräger,Tunisia,0.3,0,4,0
Ruben Vargas,Switzerland,0.3,0,3,1
Édison Michael Flores Peralta,Peru,0.3,0,5,0
Amadou Onana,Belgium,0.29,0,2,0
Jin-Su Kim,South Korea,0.29,0,3,1
Leon Aderemi Balogun,Nigeria,0.29,0,3,0
Lucas Hernández Pi,France,0.29,0,5,2
Bernardo Mota Veiga de Carvalho e Silva,Portugal,0.28,0,3,0
Denzel Dumfries,Netherlands,0.28,1,2,2
Gabriel Iván Mercado,Argentina,0.28,1,1,1
Nemanja Matić,Serbia,0.28,0,3,0
Abdelkarim Hassan Al Haj Fadlalla,Qatar,0.27,0,6,0
Morteza Pouraliganji,Iran,0.27,0,2,0
Pervis Josué Estupiñán Tenorio,Ecuador,0.27,0,2,0
Ruben Loftus-Cheek,England,0.27,0,3,0
Thomas Delaney,Denmark,0.27,0,4,1
Albin Ekdal,Sweden,0.26,0,3,0
Arkadiusz Milik,Poland,0.26,0,2,0
Aziz Eraltay Behich,Australia,0.26,0,4,0
Jakub Kamiński,Poland,0.26,0,4,0
Jamie Vardy,England,0.26,0,3,0
Theo Bernard François Hernández,France,0.26,1,5,2
Tim Ream,United States,0.26,0,1,0
Éder Gabriel Militão,Brazil,0.26,0,5,0
Cyle Larin,Canada,0.25,0,3,0
Joel Nathaniel Campbell Samuels,Costa Rica,0.25,0,4,1
Michael Steveen Estrada Martínez,Ecuador,0.25,0,3,0
Mitchell Thomas Duke,Australia,0.25,1,7,0
Nayef Aguerd,Morocco,0.25,0,1,0
Oghenekaro Etebo,Nigeria,0.25,0,7,0
Osman Bukari,Ghana,0.25,1,3,0
Rafael Alexandre Conceição Leão,Portugal,0.25,2,5,0
Sergino Dest,United States,0.25,0,6,1
Walid Cheddira,Morocco,0.25,0,2,0
Alireza Jahanbakhsh,Iran,0.24,0,5,0
Azzedine Ounahi,Morocco,0.24,0,6,0
Famara Diedhiou,Senegal,0.24,1,3,0
Ramin Rezaeian,Iran,0.24,1,3,0
Roman Zobnin,Russia,0.24,0,7,1
Sultan Abdullah Salim Al Ghannam,Saudi Arabia,0.24,0,2,0
Thomas Teye Partey,Ghana,0.24,0,2,0
Tim Cahill,Australia,0.24,0,2,0
Garang Kuol,Australia,0.23,0,1,0
Kalidou Koulibaly,Senegal,0.23,1,1,0
Kendall Jamaal Waston Manley,Costa Rica,0.23,1,2,0
Saeid Ezatolahi Afagh,Iran,0.23,0,4,0
Salif Sané,Senegal,0.23,0,4,0
Aron Einar Gunnarsson,Iceland,0.22,0,2,0
Axel Witsel,Belgium,0.22,0,7,0
Carlos Joel Salcedo Hernández,Mexico,0.22,0,5,0
Corentin Tolisso,France,0.22,0,2,1
Darwin Gabriel Núñez Ribeiro,Uruguay,0.22,0,3,0
Dylan Daniel Mahmoud Bronn,Tunisia,0.22,1,2,0
Hattan Babhir,Saudi Arabia,0.22,0,6,1
Juan Fernando Quintero Paniagua,Colombia,0.22,1,8,2
Luis Gerardo Chávez Magallón,Mexico,0.22,1,10,0
Aníbal Cesis Godoy,Panama,0.21,0,2,0
Craig Goodwin,Australia,0.21,1,2,0
Jae-Sung Lee,South Korea,0.21,0,6,1
Jan Bednarek,Poland,0.21,1,1,0
Kamil Glik,Poland,0.21,0,4,0
Pione Sisto Ifolo Emirmija,Denmark,0.21,0,5,0
Amine Harit,Morocco,0.2,0,3,0
Genki Haraguchi,Japan,0.2,1,3,0
Giancarlo González Castro,Costa Rica,0.2,0,2,0
In-Beom Hwang,South Korea,0.2,0,6,0
Tomoaki Makino,Japan,0.2,0,2,0
Yunus Dimoara Musah,United States,0.2,0,4,0
Carlos Andrés Sánchez Arcosa,Uruguay,0.19,0,2,2
Daniel Nii Tackie Mensah Welbeck,England,0.19,0,2,0
Dušan Tadić,Serbia,0.19,0,4,3
Hidemasa Morita,Japan,0.19,0,3,0
Joško Gvardiol,Croatia,0.19,1,2,0
Nico Elvedi,Switzerland,0.19,0,1,0
Oscar Fabián Murillo Murillo,Colombia,0.19,0,2,0
Pierre Kunde Malong,Cameroon,0.19,0,5,0
Ricardo Andrade Quaresma Bernardo,Portugal,0.19,1,5,0
Davinson Sánchez Mina,Colombia,0.18,0,2,0
Ibrahima Konaté,France,0.18,0,2,0
Jonas Hector,Germany,0.18,0,2,0
Juan Pablo Vargas Campos,Costa Rica,0.18,0,1,0
Karl Brillant Toko Ekambi,Cameroon,0.18,0,2,0
Leroy Sané,Germany,0.18,0,3,1
Mame Biram Diouf,Senegal,0.18,0,2,0
Mason Mount,England,0.18,0,4,0
Mohammed Muntari,Qatar,0.18,1,3,0
Seon-Min Moon,South Korea,0.18,0,2,0
Shinji Okazaki,Japan,0.18,0,1,0
Strahinja Pavlović,Serbia,0.18,1,2,0
Wataru Endo,Japan,0.18,0,6,0
Adnan Januzaj,Belgium,0.17,1,3,0
Anice Badri,Tunisia,0.17,0,3,0
Fabian Lukas Schär,Switzerland,0.17,0,3,0
Felipe Abdiel Baloy Ramírez,Panama,0.17,1,1,0
Hussain Al Mogahwi,Saudi Arabia,0.17,0,4,0
Héctor Miguel Herrera López,Mexico,0.17,0,5,0
Hörður Björgvin Magnússon,Iceland,0.17,0,2,0
Ilya Kutepov,Russia,0.17,0,1,1
Jordi Alba Ramos,Spain,0.17,0,4,2
Jules Koundé,France,0.17,0,4,0
Shogo Taniguchi,Japan,0.17,0,2,0
Takashi Usami,Japan,0.17,0,3,0
Yasir Gharsan Al Shahrani,Saudi Arabia,0.17,0,5,0
Yoshinori Muto,Japan,0.17,0,2,0
Youssouf Fofana,France,0.17,0,4,0
Alex Iwobi,Nigeria,0.16,0,4,0
Ko Itakura,Japan,0.16,0,3,1
Stephen Antunes Eustáquio,Canada,0.16,0,3,0
Vincent Janssen,Netherlands,0.16,0,2,0
Yury Gazinskiy,Russia,0.16,1,2,0
Antony Matheus dos Santos,Brazil,0.15,0,6,0
Cristian Gabriel Rodríguez Barrotti,Uruguay,0.15,0,4,0
Djibril Sow,Switzerland,0.15,0,2,1
Felix Eduardo Torres Caicedo,Ecuador,0.15,0,1,0
Gabriel Arturo Torres Tejada,Panama,0.15,0,1,0
Noussair Mazraoui,Morocco,0.15,0,4,0
Saleh Khalid Al Shehri,Saudi Arabia,0.15,1,3,0
Sami Khedira,Germany,0.15,0,3,0
Thorgan Hazard,Belgium,0.15,0,3,0
Willian Borges da Silva,Brazil,0.15,0,5,1
Abdulelah Saad Hameed Al-Malki,Saudi Arabia,0.14,0,2,0
Benjamin Pavard,France,0.14,1,4,0
Jan Vertonghen,Belgium,0.14,1,4,0
Joachim Andersen,Denmark,0.14,0,4,0
Kevin José Rodríguez Cortez,Ecuador,0.14,0,1,0
Krystian Bielik,Poland,0.14,0,2,0
Ricardo Iván Rodríguez Araya,Switzerland,0.14,0,6,0
Romario Andrés Ibarra Mina,Ecuador,0.14,0,2,0
Abdullah Ibrahim Otayf,Saudi Arabia,0.13,0,2,1
Alberto Junior Rodríguez Valdelomar,Peru,0.13,0,2,0
Atiba Hutchinson,Canada,0.13,0,2,0
Bryan Mbeumo,Cameroon,0.13,0,2,0
Cheikh N'Doye,Senegal,0.13,0,1,0
Iñaki Williams Arthuer,Ghana,0.13,0,2,0
Krépin Diatta,Senegal,0.13,0,3,0
Lucas Rodrigo Biglia,Argentina,0.13,0,2,0
Mathias Jørgensen Jatta,Denmark,0.13,1,1,0
Mbark Boussoufa,Morocco,0.13,0,2,0
Mohamed Naser Elsayed Elneny,Egypt,0.13,0,3,0
Thiago Alcântara do Nascimento,Spain,0.13,0,2,0
Yuki Soma,Japan,0.13,0,3,0
André Miguel Valente Silva,Portugal,0.12,0,2,0
Antoine Semenyo,Ghana,0.12,0,1,0
Brennan Johnson,Wales,0.12,0,3,0
Daniel Alves da Silva,Brazil,0.12,0,3,0
Daniel Colindres Solera,Costa Rica,0.12,0,3,0
David Junior Hoilett,Canada,0.12,0,4,0
Edson Omar Álvarez Velázquez,Mexico,0.12,0,2,0
Ehsan Hajsafi,Iran,0.12,0,3,0
Federico Santiago Valverde Dipetta,Uruguay,0.12,0,7,0
Firas Tariq Nasser Al Albirakan,Saudi Arabia,0.12,0,2,1
Ja-Cheol Koo,South Korea,0.12,0,1,0
Jakub Piotr Kiwior,Poland,0.12,0,1,0
James David Rodríguez Rubio,Colombia,0.12,0,3,2
José Luis Rodríguez Francis,Panama,0.12,0,3,0
João Mário Naval da Costa Eduardo,Portugal,0.12,0,1,0
Kang-In Lee,South Korea,0.12,0,5,1
Kelechi Promise Iheanacho,Nigeria,0.12,0,3,0
Marcus Thuram,France,0.12,0,1,2
Nikola Milenković,Serbia,0.12,0,3,0
William Troost-Ekong,Nigeria,0.12,0,2,0
Youri Tielemans,Belgium,0.12,0,4,2
Alfred John Momar N'Diaye,Senegal,0.11,0,1,0
Fernando Luiz Roza,Brazil,0.11,0,3,0
Gonzalo Jordy Plata Jiménez,Ecuador,0.11,0,2,0
Junya Ito,Japan,0.11,0,2,1
Marcos Javier Acuña,Argentina,0.11,0,3,0
Min Jae Kim,South Korea,0.11,0,2,0
Mohanad Aseri Abu Radiah,Saudi Arabia,0.11,0,1,0
Nabil Dirar,Morocco,0.11,0,2,0
Nawaf Shaker Al Abid,Saudi Arabia,0.11,0,2,0
Rafał Kurzawa,Poland,0.11,0,2,1
Selim Amallah,Morocco,0.11,0,2,0
Éver Maximiliano David Banega,Argentina,0.11,0,3,2
Óscar Esau Duarte Gaitán,Costa Rica,0.11,0,2,0
Abdalla Mahmoud El Said Bekhit,Egypt,0.1,0,2,1
Ali Al Hassan,Saudi Arabia,0.1,0,1,0
André Martín Carrillo Díaz,Peru,0.1,1,3,0
Anga Dedryck Boyata,Belgium,0.1,0,1,0
Anis Ben Slimane,Tunisia,0.1,0,1,0
Ante Budimir,Croatia,0.1,0,1,0
Bruno Petković,Croatia,0.1,1,1,0
César Jasib Montes Castro,Mexico,0.1,0,1,1
Ellyes Joris Skhiri,Tunisia,0.1,0,2,0
Fabian Delph,England,0.1,0,3,0
Facundo Pellistri Rebollo,Uruguay,0.1,0,1,0
Jens Stryger Larsen,Denmark,0.1,0,2,0
Jesús Daniel Gallardo Vasconcelos,Mexico,0.1,0,2,0
Mehdi Torabi,Iran,0.1,0,2,0
Otávio Edmilson da Silva Monteiro,Portugal,0.1,0,3,0
Robbie Kruse,Australia,0.1,0,1,0
Sebastián Coates Nión,Uruguay,0.1,0,1,0
Aaron Mooy,Australia,0.09,0,4,0
Adrien Sebastian Perruchet Silva,Portugal,0.09,0,2,1
Ashley Young,England,0.09,0,2,1
Ayoub El Kaabi,Morocco,0.09,0,1,0
Brenden Aaronson,United States,0.09,0,1,0
Daniel Carvajal Ramos,Spain,0.09,0,2,1
Faustino Marcos Alberto Rojo,Argentina,0.09,1,2,0
Giovanni Reyna,United States,0.09,0,2,0
Hamdi Nagguez,Tunisia,0.09,0,1,1
Leander Dendoncker,Belgium,0.09,0,1,0
Manuel Marouan da Costa Trinidade,Morocco,0.09,0,2,0
Nampalys Mendy,Senegal,0.09,0,2,0
Papa Alioune N'Diaye,Senegal,0.09,0,1,0
Pape Gueye,Senegal,0.09,0,4,0
Pape Matar Sarr,Senegal,0.09,0,4,0
Rúben Diogo Da Silva Neves,Portugal,0.09,0,2,0
Samuel Yves Umtiti,France,0.09,1,2,0
Sung-Yeung Ki,South Korea,0.09,0,3,0
Ahmad Nourollahi,Iran,0.08,0,5,0
Alejandro Balde Martínez,Spain,0.08,0,1,0
Aleksandr Samedov,Russia,0.08,0,2,0
Aïssa Bilal Laïdouni,Tunisia,0.08,0,2,1
Bryan Oviedo,Costa Rica,0.08,0,3,0
Kamaldeen Sulemana,Ghana,0.08,0,1,0
Luke Shaw,England,0.08,0,3,1
Martin Hongla Yma II,Cameroon,0.08,0,1,0
Mathías Olivera Miramontes,Uruguay,0.08,0,2,0
Maximiliano Gómez González,Uruguay,0.08,0,2,0
Moussa Wagué,Senegal,0.08,1,1,0
Neco Williams,Wales,0.08,0,3,0
Niklas Süle,Germany,0.08,0,1,0
Onyinye Wilfred Ndidi,Nigeria,0.08,0,3,0
Pontus Jansson,Sweden,0.08,0,1,0
Riley McGree,Australia,0.08,0,3,1
Roozbeh Cheshmi,Iran,0.08,1,2,0
Rui Pedro dos Santos Patrício,Portugal,0.08,0,1,0
Woo-Young Jung,South Korea,0.08,0,4,0
Yuto Nagatomo,Japan,0.08,0,2,1
Angelo Smit Preciado Quiñónez,Ecuador,0.07,0,4,1
Daniel Arzani,Australia,0.07,0,2,0
Dawid Kownacki,Poland,0.07,0,2,0
Francisco Javier Calvo Quesada,Costa Rica,0.07,0,2,0
Harry Souttar,Australia,0.07,0,1,0
Iliman Ndiaye,Senegal,0.07,0,2,1
Jefferson Andrés Lerma Solís,Colombia,0.07,0,2,0
Jordan Ayew,Ghana,0.07,0,1,1
Marcos Danilo Ureña Porras,Costa Rica,0.07,0,2,0
Mario Götze,Germany,0.07,0,1,0
Raúl Alonso Jiménez Rodríguez,Mexico,0.07,0,1,0
Rogelio Gabriel Funes Mori,Mexico,0.07,0,1,0
Tariq Lamptey,Ghana,0.07,0,1,0
William Silva de Carvalho,Portugal,0.07,0,2,0
Łukasz Teodorczyk,Poland,0.07,0,1,0
Abdessamad Ezzalzouli,Morocco,0.06,0,1,0
Alexander Hartmann Bah,Denmark,0.06,0,2,0
Ali Gabr,Egypt,0.06,0,1,0
Artur Jędrzejczyk,Poland,0.06,0,1,0
Axel Disasi,France,0.06,0,1,0
Blas Antonio Miguel Pérez Ortega,Panama,0.06,0,1,0
Christopher Wooh,Cameroon,0.06,0,1,0
Fran Karačić,Australia,0.06,0,3,0
Ghilane Chalali,Tunisia,0.06,0,1,0
Gotoku Sakai,Japan,0.06,0,1,0
Harry Wilson,Wales,0.06,0,2,0
Jawad El Yamiq,Morocco,0.06,0,1,0
Joe Allen,Wales,0.06,0,2,0
Luka Jović,Serbia,0.06,0,2,0
Marcelo Vieira da Silva Júnior,Brazil,0.06,0,4,0
Mohammad Ibrahim Al Sahlawi,Saudi Arabia,0.06,0,1,0
Nabil Fekir,France,0.06,0,4,0
Pablo Martín Páez Gavira,Spain,0.06,1,1,0
Richie Laryea,Canada,0.06,0,2,0
Sang-Ho Na,South Korea,0.06,0,1,0
Trent Alexander-Arnold,England,0.06,0,1,0
Walker Zimmerman,United States,0.06,0,1,0
Šime Vrsaljko,Croatia,0.06,0,5,1
Adem Ljajić,Serbia,0.05,0,1,0
André-Frank Zambo Anguissa,Cameroon,0.05,0,1,0
Bartosz Bereszyński,Poland,0.05,0,1,0
Borna Sosa,Croatia,0.05,0,2,0
Cristian Gamboa Luna,Costa Rica,0.05,0,3,0
Douglas Costa de Souza,Brazil,0.05,0,4,1
Exequiel Alejandro Palacios,Argentina,0.05,0,1,0
Gaku Shibasaki,Japan,0.05,0,1,1
Hugo Ayala Castro,Mexico,0.05,0,1,0
Jackson Gabriel Porozo Vernaza,Ecuador,0.05,0,1,0
Johann Berg Guðmunds­son,Iceland,0.05,0,3,0
João Miranda de Souza Filho,Brazil,0.05,0,1,0
João Pedro Cavaco Cancelo,Portugal,0.05,0,2,0
Jón Daði Böðvarsson,Iceland,0.05,0,1,0
Lucas Torreira Di Pascua,Uruguay,0.05,0,2,0
Mathias Jensen,Denmark,0.05,0,2,0
Michael Lang,Switzerland,0.05,0,1,0
Nemanja Radonjić,Serbia,0.05,0,2,0
Silvan Widmer,Switzerland,0.05,0,1,1
Stephan Lichtsteiner,Switzerland,0.05,0,3,0
Tarek Hamed,Egypt,0.05,0,2,0
Vahid Amiri,Iran,0.05,0,2,0
Vitor Machado Ferreira,Portugal,0.05,0,2,0
Yassine Meriah,Tunisia,0.05,0,1,0
Youssouf Sabaly,Senegal,0.05,0,4,0
Abdou Diallo,Senegal,0.04,0,1,0
Abdulelah Al Amri,Saudi Arabia,0.04,0,1,0
Abdulrahman Al-Obood,Saudi Arabia,0.04,0,1,0
Ali Gholizadeh,Iran,0.04,0,1,1
Amr Medhat Warda,Egypt,0.04,0,2,0
Andrija Živković,Serbia,0.04,0,2,2
Aymeric Laporte,Spain,0.04,0,1,0
Denis Lemi Zakaria Lako Lado,Switzerland,0.04,0,1,1
Diego Nicolás De La Cruz Arcosa,Uruguay,0.04,0,1,0
Germán Alejandro Pezzella,Argentina,0.04,0,1,0
Jewison Bennette,Costa Rica,0.04,0,1,0
Joakim Mæhle,Denmark,0.04,0,2,0
Jonathan Osorio,Canada,0.04,0,1,0
Josh Risdon,Australia,0.04,0,1,0
Josip Juranović,Croatia,0.04,0,1,1
Josip Stanišić,Croatia,0.04,0,1,0
José Diogo Dalot Teixeira,Portugal,0.04,0,1,1
José Ignacio Fernández Iglesias,Spain,0.04,1,1,0
Jérôme Boateng,Germany,0.04,0,3,0
Keanu Baccus,Australia,0.04,0,1,0
Kenneth Josiah Omeruo,Nigeria,0.04,0,1,1
Mark Anthony Kaye,Canada,0.04,0,1,0
Mesut Özil,Germany,0.04,0,2,0
N'Golo Kanté,France,0.04,0,1,0
Pedro Miguel Correia,Qatar,0.04,0,2,0
Przemysław Frankowski,Poland,0.04,0,1,0
Rúben Santos Gato Alves Dias,Portugal,0.04,0,1,0
Rúrik Gíslason,Iceland,0.04,0,1,0
Saša Lukić,Serbia,0.04,0,1,0
Łukasz Piszczek,Poland,0.04,0,1,0
Aaron Ramsey,Wales,0.03,0,1,0
Ajdin Hrustic,Australia,0.03,0,1,0
Akram Hassan Afif,Qatar,0.03,0,2,0
Cristian David Pavón,Argentina,0.03,0,1,0
Danilo Luiz da Silva,Brazil,0.03,0,2,0
David Alberto Guzmán Pérez,Costa Rica,0.03,0,1,0
Edimilson Fernandes,Switzerland,0.03,0,1,0
Eduardo Antonio Salvio,Argentina,0.03,0,1,0
Filip Mladenović,Serbia,0.03,0,1,0
Filipe Luís Kasmirski,Brazil,0.03,0,1,0
Jeremy Leonel Sarmiento Morante,Ecuador,0.03,0,1,0
José Adoni Cifuentes Charcopa,Ecuador,0.03,0,1,0
Jules Olivier Ntcham,Cameroon,0.03,0,1,0
Keita Baldé Diao,Senegal,0.03,0,1,0
Krzysztof Piątek,Poland,0.03,0,1,0
Luis Jan Piers Advíncula Castrillón,Peru,0.03,0,3,0
Makoto Hasebe,Japan,0.03,0,1,0
Manuel Henrique Tavares Fernandes,Portugal,0.03,0,2,0
Marko Grujić,Serbia,0.03,0,1,0
Marko Pjaca,Croatia,0.03,0,1,0
Marvin Plattenhardt,Germany,0.03,0,1,0
Michał Skóraś,Poland,0.03,0,1,0
Mikael Lustig,Sweden,0.03,0,2,0
Min-Woo Kim,South Korea,0.03,0,1,0
Noah Okafor,Switzerland,0.03,0,1,0
Omid Ebrahimi,Iran,0.03,0,1,0
Pathé Ismaël Ciss,Senegal,0.03,0,1,0
Pedro Jesús Aquino Sánchez,Peru,0.03,0,1,0
Rubin Colwill,Wales,0.03,0,1,0
Salis Abdul Samed,Ghana,0.03,0,1,0
Saîf-Eddine Khaoui,Tunisia,0.03,0,2,0
Sebastian Rudy,Germany,0.03,0,1,0
Seung-Woo Lee,South Korea,0.03,0,1,0
Thomas Lemar,France,0.03,0,1,0
Viktor Fischer,Denmark,0.03,0,1,0
Woo-Yeong Jeong,South Korea,0.03,0,1,0
Yuri Zhirkov,Russia,0.03,0,2,0
Abdulaziz Hatem Mohammed Abdullah,Qatar,0.02,0,1,0
Alejandro Darío Gómez,Argentina,0.02,0,2,0
Aleksandar Kolarov,Serbia,0.02,1,2,0
Alex Sandro Lobo Silva,Brazil,0.02,0,1,0
Alidu Seidu,Ghana,0.02,0,1,0
Armando Enrique Cooper Whitaker,Panama,0.02,0,1,0
Borna Barišić,Croatia,0.02,0,1,0
Danny Rose,England,0.02,0,1,0
Darko Lazović,Serbia,0.02,0,1,0
Diego Sebastián Laxalt Suárez,Uruguay,0.02,0,1,0
Hassan Khalid Al Heidos,Qatar,0.02,0,1,0
Javier Alejandro Mascherano,Argentina,0.02,0,1,0
João Maria Lobo Alves Palhinha Gonçalves,Portugal,0.02,0,1,0
Marco Jhonfai Fabián De La Mora,Mexico,0.02,0,1,0
Marcos Llorente Moreno,Spain,0.02,0,1,0
Matty Cash,Poland,0.02,0,1,0
Nahitan Michel Nández Acosta,Uruguay,0.02,0,1,0
Philip Foden,England,0.02,0,1,1
Pierre-Emile Højbjerg,Denmark,0.02,0,2,0
Renato Fabrizio Tapia Cortijo,Peru,0.02,0,1,0
Santiago Arias Naranjo,Colombia,0.02,0,1,0
Seung-Ho Paik,South Korea,0.02,1,1,0
Sofyan Amrabat,Morocco,0.02,0,1,0
Tyler Adams,United States,0.02,0,1,0
Valon Behrami,Switzerland,0.02,0,1,0
Yong Lee,South Korea,0.02,0,1,0
Ahmed Fathy Abdel Meneim Ibrahim,Egypt,0.01,0,1,0
Cristhian Ricardo Stuani Curbelo,Uruguay,0.01,0,1,0
Emil Hallfreðsson,Iceland,0.01,0,1,0
Ethan Ampadu,Wales,0.01,0,1,0
Fidel Escobar Mendieta,Panama,0.01,0,1,0
Gen Shōji,Japan,0.01,0,1,0
Georges-Kévin Nkoudou Mbida,Cameroon,0.01,0,1,0
Gerson Torres Barrantes,Costa Rica,0.01,0,1,0
Henrik Dalsgaard,Denmark,0.01,0,1,0
Ismail Jakobs,Senegal,0.01,0,1,1
Jacek Góralski,Poland,0.01,0,1,0
Johan Andrés Mojica Palacio,Colombia,0.01,0,1,0
John Guidetti,Sweden,0.01,0,1,0
Jorge Eduardo Sánchez Ramos,Mexico,0.01,0,1,0
Karim El Ahmadi Al Aroos,Morocco,0.01,0,1,0
Kyung-Won Kwon,South Korea,0.01,0,1,0
Luis Carlos Ovalle Victoria,Panama,0.01,0,1,0
Matheus Luiz Nunes,Portugal,0.01,0,1,0
Montassar Omar Talbi,Tunisia,0.01,0,1,0
Ngoran Suiru Fai Collins,Cameroon,0.01,0,1,0
Nordin Amrabat,Morocco,0.01,0,1,0
Ricardo Guardia Avila,Panama,0.01,0,1,1
Rodrigo Hernández Cascante,Spain,0.01,0,1,0
Saud Abdullah Abdul Hamid,Saudi Arabia,0.01,0,1,0
Sebastian Larsson,Sweden,0.01,0,1,0
Taha Yassine Khenissi,Tunisia,0.01,0,1,0
Víctor Yoshimar Yotún Flores,Peru,0.01,0,3,0
Callum Wilson,England,0.0,0,0,1
César Azpilicueta Tanco,Spain,0.0,0,0,1
David Raum,Germany,0.0,0,0,1
Fayçal Fajr,Morocco,0.0,0,0,1
Jerome Ngom Mbekeli,Cameroon,0.0,0,0,1
João Filipe Iria Santos Moutinho,Portugal,0.0,0,0,1
Kalvin Phillips,England,0.0,0,0,1
Oussama Haddadi,Tunisia,0.0,0,0,1
Se-Jong Ju,South Korea,0.0,0,0,1
