team,player,position,dob,nationality
Uruguay,Fernando Muslera,Goalkeeper,1986-06-16,Uruguay
Uruguay,Santiago Mele,Goalkeeper,1997-09-06,Uruguay
Uruguay,Sergio Rochet,Goalkeeper,1993-03-23,Uruguay
Uruguay,Guillermo Varela,Defence,1993-03-24,Uruguay
Uruguay,Ronald Araújo,Defence,1999-03-07,Uruguay
Uruguay,Sebastían Cáceres,Defence,1999-08-18,Uruguay
Uruguay,Matías Viña,Defence,1997-11-09,Uruguay
Uruguay,Joaquín Piquerez,Defence,1998-08-24,Uruguay
Uruguay,Maximiliano Araújo,Defence,2000-02-15,Uruguay
Uruguay,Mathías Olivera,Defence,1997-10-31,Uruguay
Uruguay,Santiago Bueno,Defence,1998-11-09,Uruguay
Uruguay,José Giménez,Defence,1995-01-20,Uruguay
Uruguay,Federico Valverde,Midfield,1998-07-22,Uruguay
Uruguay,Giorgian De Arrascaeta,Midfield,1994-06-01,Uruguay
Uruguay,Rodrigo Bentancur,Midfield,1997-06-25,Uruguay
Uruguay,Manuel Ugarte,Midfield,2001-04-11,Uruguay
Uruguay,Brian Rodríguez,Midfield,2000-05-20,Uruguay
Uruguay,Rodrigo Zalazar,Midfield,1999-08-12,Uruguay
Uruguay,Facundo Pellistri,Midfield,2001-12-20,Uruguay
Uruguay,Emiliano Martínez,Midfield,1999-08-17,Uruguay
Uruguay,Juan Sanabria,Midfield,2000-03-29,Uruguay
Uruguay,Nicolas de la Cruz,Midfield,1997-06-01,Uruguay
Uruguay,Rodrigo Aguirre,Offence,1994-10-01,Uruguay
Uruguay,Darwin Núñez,Offence,1999-06-24,Uruguay
Uruguay,Agustín Canobbio,Offence,1998-10-01,Uruguay
Uruguay,Federico Viñas,Offence,1998-06-30,Uruguay
Germany,Oliver Baumann,Goalkeeper,1990-06-02,Germany
Germany,Manuel Neuer,Goalkeeper,1986-03-27,Germany
Germany,Alexander Nübel,Goalkeeper,1996-09-30,Germany
Germany,Jonathan Tah,Defence,1996-02-11,Germany
Germany,Waldemar Anton,Defence,1996-07-20,Germany
Germany,Antonio Rüdiger,Defence,1993-03-03,Germany
Germany,David Raum,Defence,1998-04-22,Germany
Germany,Nico Schlotterbeck,Defence,1999-12-01,Germany
Germany,Malick Thiaw,Defence,2001-08-08,Germany
Germany,Nathaniel Brown,Defence,2003-06-16,Germany
Germany,Nadiem Amiri,Midfield,1996-10-27,Germany
Germany,Joshua Kimmich,Midfield,1995-02-08,Germany
Germany,Leon Goretzka,Midfield,1995-02-06,Germany
Germany,Pascal Groß,Midfield,1991-06-15,Germany
Germany,Florian Wirtz,Midfield,2003-05-03,Germany
Germany,Felix Kalu Nmecha,Midfield,2000-10-10,Germany
Germany,Angelo Stiller,Midfield,2001-04-04,Germany
Germany,Jamal Musiala,Midfield,2003-02-26,Germany
Germany,Aleksandar Pavlović,Midfield,2004-05-03,Germany
Germany,Assan Ouédraogo,Midfield,2006-05-09,Germany
Germany,Kai Havertz,Offence,1999-06-11,Germany
Germany,Leroy Sané,Offence,1996-01-11,Germany
Germany,Deniz Undav,Offence,1996-07-19,Germany
Germany,Jamie Leweling,Offence,2001-02-26,Germany
Germany,Nick Woltemade,Offence,2002-02-14,Germany
Germany,Maximilian Beier,Offence,2002-10-17,Germany
Spain,David Raya,Goalkeeper,1995-09-15,Spain
Spain,Unai Simón,Goalkeeper,1997-06-11,Spain
Spain,Joan García,Goalkeeper,2001-05-04,Spain
Spain,Aymeric Laporte,Defence,1994-05-27,Spain
Spain,Cucurella,Defence,1998-07-22,Spain
Spain,Alejandro Grimaldo,Defence,1995-09-20,Spain
Spain,Pedro Porro,Defence,1999-09-13,Spain
Spain,Eric García,Defence,2001-01-09,Spain
Spain,Marc Pubill,Defence,2003-06-20,Spain
Spain,Pau Cubarsí,Defence,2007-01-22,Spain
Spain,Fabián Ruiz,Midfield,1996-04-03,Spain
Spain,Marcos Llorente,Midfield,1995-01-30,Spain
Spain,Rodri,Midfield,1996-06-22,Spain
Spain,Mikel Merino,Midfield,1996-06-22,Spain
Spain,Dani Olmo,Midfield,1998-05-07,Spain
Spain,Ferrán Torres,Midfield,2000-02-29,Spain
Spain,Martín Zubimendi,Midfield,1999-02-02,Spain
Spain,Pedri,Midfield,2002-11-25,Spain
Spain,Pablo Gavira,Midfield,2004-08-05,Spain
Spain,Mikel Oyarzabal,Midfield,1997-04-21,Spain
Spain,Álex Baena,Midfield,2001-07-20,Spain
Spain,Borja Iglesias,Offence,1993-01-17,Spain
Spain,Yeremi Pino,Offence,2002-10-20,Spain
Spain,Nico Williams,Offence,2002-07-12,Spain
Spain,Lamine Yamal,Offence,2007-07-13,Spain
Spain,Víctor Muñoz,Offence,2003-07-13,Spain
Paraguay,Gastón Olveira,Goalkeeper,1993-04-21,Paraguay
Paraguay,Roberto Fernández,Goalkeeper,1988-03-29,Paraguay
Paraguay,Orlando Gill,Goalkeeper,2000-06-11,Paraguay
Paraguay,Fabián Balbuena,Defence,1991-08-23,Paraguay
Paraguay,Gustavo Gómez,Defence,1993-05-06,Paraguay
Paraguay,Júnior Alonso,Defence,1993-02-09,Paraguay
Paraguay,Omar Alderete,Defence,1996-12-26,Paraguay
Paraguay,Juan Cáceres,Defence,2000-06-01,Paraguay
Paraguay,Gustavo Velázquez,Defence,1991-04-17,Paraguay
Paraguay,José Canale,Defence,1996-07-20,Paraguay
Paraguay,Alexandro Maidana,Defence,2005-07-26,Paraguay
Paraguay,Andrés Cubas,Midfield,1996-05-11,Paraguay
Paraguay,Kaku,Midfield,1995-01-11,Paraguay
Paraguay,Miguel Almirón,Midfield,1994-02-10,Paraguay
Paraguay,Mauricio,Midfield,2001-06-22,Paraguay
Paraguay,Braian Ojeda,Midfield,2000-06-27,Paraguay
Paraguay,Matías Galarza,Midfield,2002-02-11,Paraguay
Paraguay,Damian Bobadilla,Midfield,2001-07-11,Paraguay
Paraguay,Diego Gómez,Midfield,2003-03-27,Paraguay
Paraguay,Antonio Sanabria,Offence,1996-03-04,Paraguay
Paraguay,Gabriel Ávalos,Offence,1990-10-12,Paraguay
Paraguay,Isidro Pitta,Offence,1999-08-14,Paraguay
Paraguay,Ramón Sosa,Offence,1999-08-31,Paraguay
Paraguay,Julio Enciso,Offence,2004-01-23,Paraguay
Paraguay,Gustavo Caballero,Offence,2001-09-21,Paraguay
Paraguay,Alex Arce,Offence,1995-06-16,Paraguay
Argentina,Géronimo Rulli,Goalkeeper,1992-05-20,Argentina
Argentina,Emiliano Martínez,Goalkeeper,1992-09-02,Argentina
Argentina,Juan Musso,Goalkeeper,1994-05-06,Argentina
Argentina,Nicolás Otamendi,Defence,1988-02-12,Argentina
Argentina,Nicolás Tagliafico,Defence,1992-08-31,Argentina
Argentina,Gonzalo Montiel,Defence,1997-01-01,Argentina
Argentina,Christian Romero,Defence,1998-04-27,Argentina
Argentina,Facundo Medina,Defence,1999-05-28,Argentina
Argentina,Lisandro Martínez,Defence,1998-01-18,Argentina
Argentina,Nahuel Molina,Defence,1998-04-06,Argentina
Argentina,Leonardo Balerdi,Defence,1999-01-26,Argentina
Argentina,Valentin Barco,Defence,2004-07-23,Argentina
Argentina,Rodrigo de Paul,Midfield,1994-05-24,Argentina
Argentina,Leandro Paredes,Midfield,1994-06-29,Argentina
Argentina,Giovani Lo Celso,Midfield,1996-04-09,Argentina
Argentina,Exequiel Palacios,Midfield,1998-10-05,Argentina
Argentina,Alexis Mac Allister,Midfield,1998-12-24,Argentina
Argentina,Thiago Almada,Midfield,2001-04-26,Argentina
Argentina,Enzo Fernández,Midfield,2001-01-17,Argentina
Argentina,Nico Paz,Midfield,2004-09-08,Argentina
Argentina,Lionel Messi,Offence,1987-06-24,Argentina
Argentina,Lautaro Martínez,Offence,1997-08-22,Argentina
Argentina,Nicolás González,Offence,1998-04-06,Argentina
Argentina,Julián Álvarez,Offence,2000-01-31,Argentina
Argentina,José Manuel López,Offence,2000-12-06,Argentina
Argentina,Giuliano Simeone,Offence,2002-12-18,Argentina
Ghana,Lawrence Ati-Zigi,Goalkeeper,1996-11-29,Ghana
Ghana,Joseph Anang,Goalkeeper,2000-06-08,Ghana
Ghana,Benjamin Asare,Goalkeeper,1992-07-13,Ghana
Ghana,Abdul Rahman Baba,Defence,1994-07-02,Ghana
Ghana,Derrick Luckassen,Defence,1995-07-03,Ghana
Ghana,Gideon Mensah,Defence,1998-07-18,Ghana
Ghana,Abdul Mumin,Defence,1998-06-06,Ghana
Ghana,Jerome Opoku,Defence,1998-10-14,Ghana
Ghana,Alidu Seidu,Defence,2000-06-04,Ghana
Ghana,Marvin Senaya,Defence,2001-01-28,Ghana
Ghana,Jonas Adjei Adjetey,Defence,2003-12-13,Ghana
Ghana,Kojo Peprah Oppong,Defence,2004-06-04,Ghana
Ghana,Thomas Partey,Midfield,1993-06-13,Ghana
Ghana,Elisha Owusu,Midfield,1997-11-07,Ghana
Ghana,Kwasi Sibo,Midfield,1998-06-24,Ghana
Ghana,Augustine Boakye,Midfield,2000-11-03,Ghana
Ghana,Caleb Yirenkyi,Midfield,2006-01-15,Ghana
Ghana,Antoine Semenyo,Offence,2000-01-07,Ghana
Ghana,Brandon Thomas-Asante,Offence,1998-12-29,Ghana
Ghana,Jordan Ayew,Offence,1991-09-11,Ghana
Ghana,Iñaki Williams,Offence,1994-06-15,Ghana
Ghana,Kamal Deen Sulemana,Offence,2002-02-15,Ghana
Ghana,Ernest Nuamah,Offence,2003-11-01,Ghana
Ghana,Abdul Issahaku,Offence,2004-03-08,Ghana
Ghana,Christopher Bonsu Baah,Offence,2004-12-14,Ghana
Ghana,Prince Adu,Offence,2003-09-23,Ghana
Brazil,Weverton,Goalkeeper,1987-12-13,Brazil
Brazil,Alisson Becker,Goalkeeper,1992-10-02,Brazil
Brazil,Ederson,Goalkeeper,1993-08-17,Brazil
Brazil,Roger Ibañez,Defence,1998-11-23,Brazil
Brazil,Bremer,Defence,1997-03-18,Brazil
Brazil,Alex Sandro,Defence,1991-01-26,Brazil
Brazil,Marquinhos,Defence,1994-05-14,Brazil
Brazil,Douglas Santos,Defence,1994-03-22,Brazil
Brazil,Danilo Luiz da Silva,Defence,1991-07-15,Brazil
Brazil,Léo Pereira,Defence,1996-01-31,Brazil
Brazil,Gabriel Magalhães,Defence,1997-12-19,Brazil
Brazil,Wesley,Defence,2003-09-06,Brazil
Brazil,Lucas Paquetá,Midfield,1997-08-27,Brazil
Brazil,Bruno Guimarães,Midfield,1997-11-16,Brazil
Brazil,Casemiro,Midfield,1992-02-23,Brazil
Brazil,Fabinho,Midfield,1993-10-23,Brazil
Brazil,Danilo dos Santos de Oliveira,Midfield,2001-04-29,Brazil
Brazil,Vinicius Junior,Offence,2000-07-12,Brazil
Brazil,Neymar,Offence,1992-02-05,Brazil
Brazil,Matheus Cunha,Offence,1999-05-27,Brazil
Brazil,Raphinha,Offence,1996-12-14,Brazil
Brazil,Martinelli,Offence,2001-06-18,Brazil
Brazil,Thiago,Offence,2001-06-26,Brazil
Brazil,Luiz Henrique,Offence,2001-01-02,Brazil
Brazil,Endrick,Offence,2006-07-21,Brazil
Brazil,Rayan,Offence,2006-08-03,Brazil
Portugal,José Sá,Goalkeeper,1993-01-17,Portugal
Portugal,Rui Silva,Goalkeeper,1994-02-07,Portugal
Portugal,Diogo Costa,Goalkeeper,1999-09-19,Portugal
Portugal,João Cancelo,Defence,1994-05-27,Portugal
Portugal,Rúben Dias,Defence,1997-05-14,Portugal
Portugal,Nélson Semedo,Defence,1993-11-16,Portugal
Portugal,Diogo Dalot,Defence,1999-03-18,Portugal
Portugal,Matheus Nunes,Defence,1998-08-27,Portugal
Portugal,Nuno Mendes,Defence,2002-06-19,Portugal
Portugal,Gonçalo Inácio,Defence,2001-08-25,Portugal
Portugal,Tomas Araujo,Defence,2002-05-16,Portugal
Portugal,Renato Veiga,Defence,2003-07-29,Portugal
Portugal,Bernardo Silva,Midfield,1994-08-10,Portugal
Portugal,Rúben Neves,Midfield,1997-03-13,Portugal
Portugal,Bruno Fernandes,Midfield,1994-09-08,Portugal
Portugal,Gonçalo Guedes,Midfield,1996-11-29,Portugal
Portugal,Samuel Almeida Costa,Midfield,2000-11-27,Portugal
Portugal,Vitinha,Midfield,2000-02-13,Portugal
Portugal,Joao Neves,Midfield,2004-09-27,Portugal
Portugal,Cristiano Ronaldo,Offence,1985-02-05,Portugal
Portugal,Pedro Neto,Offence,2000-03-09,Portugal
Portugal,Rafael Leão,Offence,1999-06-10,Portugal
Portugal,Trincão,Offence,1999-12-29,Portugal
Portugal,João Félix,Offence,1999-11-10,Portugal
Portugal,Gonçalo Ramos,Offence,2001-06-20,Portugal
Portugal,Francisco Conceição,Offence,2002-12-14,Portugal
Japan,Keisuke Ōsako,Goalkeeper,1999-07-28,Japan
Japan,Zion Suzuki,Goalkeeper,2002-08-21,Japan
Japan,Tomoki Hayakawa,Goalkeeper,1999-03-03,Japan
Japan,Yūto Nagatomo,Defence,1986-09-12,Japan
Japan,Takehiro Tomiyasu,Defence,1998-11-05,Japan
Japan,Hiroki Ito,Defence,1999-05-12,Japan
Japan,Yukinari Sugawara,Defence,2000-06-28,Japan
Japan,Ko Itakura,Defence,1997-01-27,Japan
Japan,Shogo Taniguchi,Defence,1991-07-15,Japan
Japan,Ayumu Seko,Defence,2000-06-07,Japan
Japan,Tsuyoshi Watanabe,Defence,1997-02-05,Japan
Japan,Junnosuke Suzuki,Defence,2003-07-12,Japan
Japan,Wataru Endō,Midfield,1993-02-09,Japan
Japan,Daichi Kamada,Midfield,1996-08-05,Japan
Japan,Takefusa Kubo,Midfield,2001-06-04,Japan
Japan,Keito Nakamura,Midfield,2000-07-28,Japan
Japan,Ao Tanaka,Midfield,1998-09-10,Japan
Japan,Kaishu Sano,Midfield,2000-12-30,Japan
Japan,Yuito Suzuki,Midfield,2001-10-25,Japan
Japan,Ritsu Doan,Offence,1998-06-16,Japan
Japan,Daizen Maeda,Offence,1997-10-20,Japan
Japan,Koki Ogawa,Offence,1997-08-08,Japan
Japan,Junya Ito,Offence,1993-03-09,Japan
Japan,Ayase Ueda,Offence,1998-08-28,Japan
Japan,Kento Shiogai,Offence,2005-03-26,Japan
Japan,Keisuke Goto,Offence,2005-06-03,Japan
Mexico,Guillermo Ochoa,Goalkeeper,1985-07-13,Mexico
Mexico,Carlos Acevedo,Goalkeeper,1996-04-19,Mexico
Mexico,José Rangel,Goalkeeper,2000-02-25,Mexico
Mexico,Jesús Gallardo,Defence,1994-08-15,Mexico
Mexico,César Montes,Defence,1997-02-24,Mexico
Mexico,Johan Vásquez,Defence,1998-10-22,Mexico
Mexico,Jorge Sánchez,Defence,1997-12-10,Mexico
Mexico,Israel Reyes,Defence,2000-05-23,Mexico
Mexico,Mateo Chávez,Defence,2004-05-12,Mexico
Mexico,Edson Álvarez,Midfield,1997-10-24,Mexico
Mexico,Orbelín Pineda,Midfield,1996-03-24,Mexico
Mexico,Luis Chávez,Midfield,1996-01-15,Mexico
Mexico,Luis Romo,Midfield,1995-06-05,Mexico
Mexico,Erik Lira,Midfield,2000-05-08,Mexico
Mexico,Álvaro Fidalgo,Midfield,1997-04-09,Spain
Mexico,Brian Gutiérrez,Midfield,2003-06-17,Mexico
Mexico,Obed Vargas,Midfield,2005-08-05,Mexico
Mexico,Gilberto Mora,Midfield,2008-10-14,Mexico
Mexico,Raúl Jiménez,Offence,1991-05-05,Mexico
Mexico,Julián Quiñones,Offence,1997-03-24,Colombia
Mexico,Roberto Alvarado,Offence,1998-09-07,Mexico
Mexico,Santiago Giménez,Offence,2001-04-18,Mexico
Mexico,Alexis Vega,Offence,1997-11-25,Mexico
Mexico,Guillermo Martínez,Offence,1995-03-15,Mexico
Mexico,César Huerta,Offence,2000-12-03,Mexico
Mexico,Armando González,Offence,2003-04-20,Mexico
England,Jordan Pickford,Goalkeeper,1994-03-07,England
England,Dean Henderson,Goalkeeper,1997-03-12,England
England,James Trafford,Goalkeeper,2002-10-10,England
England,John Stones,Defence,1994-05-28,England
England,Dan Burn,Defence,1992-05-09,England
England,Ezri Konsa,Defence,1997-10-23,England
England,Trevoh Chalobah,Defence,1999-07-05,England
England,Reece James,Defence,1999-12-08,England
England,Djed Spence,Defence,2000-08-09,England
England,Marc Guéhi,Defence,2000-07-13,England
England,Jarell Quansah,Defence,2003-01-29,England
England,Nico O'Reilly,Defence,2005-03-21,England
England,Jordan Henderson,Midfield,1990-06-17,England
England,Eberechi Eze,Midfield,1998-06-29,England
England,Anthony Gordon,Midfield,2001-02-24,England
England,Declan Rice,Midfield,1999-01-14,England
England,Morgan Rogers,Midfield,2002-07-26,England
England,Elliot Anderson,Midfield,2002-11-06,England
England,Jude Bellingham,Midfield,2003-06-29,England
England,Kobbie Mainoo,Midfield,2005-04-19,England
England,Marcus Rashford,Offence,1997-10-31,England
England,Ollie Watkins,Offence,1995-12-30,England
England,Ivan Toney,Offence,1996-03-16,England
England,Harry Kane,Offence,1993-07-28,England
England,Bukayo Saka,Offence,2001-09-05,England
England,Noni Madueke,Offence,2002-03-10,England
United States,Matt Turner,Goalkeeper,1994-06-24,USA
United States,Matt Freese,Goalkeeper,1998-09-02,USA
United States,Chris Brady,Goalkeeper,2004-03-03,USA
United States,Antonee Robinson,Defence,1997-08-08,USA
United States,Tim Ream,Defence,1987-10-05,USA
United States,Miles Robinson,Defence,1997-03-14,USA
United States,Auston Trusty,Defence,1998-08-12,USA
United States,Mark McKenzie,Defence,1999-02-25,USA
United States,Joseph Scally,Defence,2002-12-31,USA
United States,Sergiño Dest,Defence,2000-11-03,USA
United States,Chris Richards,Defence,2000-03-28,USA
United States,Alex Freeman,Defence,2004-08-09,USA
United States,Weston McKennie,Midfield,1998-08-28,USA
United States,Alejandro Zendejas,Midfield,1998-02-07,USA
United States,Cristian Roldan,Midfield,1995-06-03,USA
United States,Tyler Adams,Midfield,1999-02-14,USA
United States,Brenden Aaronson,Midfield,2000-10-22,USA
United States,Gio Reyna,Midfield,2002-11-13,USA
United States,Sebastian Berhalter,Midfield,2001-05-17,USA
United States,Malik Tillman,Midfield,2002-05-28,USA
United States,Christian Pulisic,Offence,1998-09-18,USA
United States,Tim Weah,Offence,2000-02-22,USA
United States,Haji Wright,Offence,1998-03-27,USA
United States,Ricardo Pepi,Offence,2003-01-09,USA
United States,Folarin Balogun,Offence,2001-07-03,USA
United States,Max Arfsten,Offence,2001-04-19,USA
South Korea,Seung-Gyu Kim,Goalkeeper,1990-09-30,South Korea
South Korea,Bum-keun Song,Goalkeeper,1997-10-15,South Korea
South Korea,Hyeon-woo Jo,Goalkeeper,1991-09-25,South Korea
South Korea,Min-Jae Kim,Defence,1996-11-15,South Korea
South Korea,Moon-hwan Kim,Defence,1995-08-01,South Korea
South Korea,Han-bum Lee,Defence,2002-06-17,South Korea
South Korea,Young-woo Seol,Defence,1998-12-05,South Korea
South Korea,Jin-seob Park,Defence,1995-10-23,South Korea
South Korea,Tae-hyeon Kim,Defence,2000-09-17,South Korea
South Korea,Gi-hyuk Lee,Defence,2000-07-07,South Korea
South Korea,Tae-seok Lee,Defence,2002-07-28,South Korea
South Korea,Cho Wi-Je,Defence,2001-08-25,South Korea
South Korea,Jens Castrop,Midfield,2003-07-29,South Korea
South Korea,In-beom Hwang,Midfield,1996-09-20,South Korea
South Korea,Dong-gyeong Lee,Midfield,1997-09-20,South Korea
South Korea,Jae-sung Lee,Midfield,1992-08-10,South Korea
South Korea,Jin-Gyu Kim,Midfield,1997-02-24,South Korea
South Korea,Seung-Ho Paik,Midfield,1997-03-17,South Korea
South Korea,Kang-in Lee,Midfield,2001-02-19,South Korea
South Korea,Joon-ho Bae,Midfield,2003-08-21,South Korea
South Korea,Hwang Heechan,Offence,1996-01-26,South Korea
South Korea,Heung-min Son,Offence,1992-07-08,South Korea
South Korea,Hyun-jun Yang,Offence,2002-05-25,South Korea
South Korea,Gue-Sung Cho,Offence,1998-01-25,South Korea
South Korea,Hyun-Gyu Oh,Offence,2001-04-12,South Korea
South Korea,Ji-sung Eom,Offence,2002-05-09,South Korea
France,Brice Samba,Goalkeeper,1994-04-25,France
France,Mike Maignan,Goalkeeper,1995-07-03,France
France,Robin Risser,Goalkeeper,2004-12-02,France
France,Theo Hernández,Defence,1997-10-06,France
France,Lucas Digne,Defence,1993-07-20,France
France,Lucas Hernández,Defence,1996-02-14,France
France,Jules Koundé,Defence,1998-11-12,France
France,Dayot Upamecano,Defence,1998-10-27,France
France,Ibrahima Konaté,Defence,1999-05-25,France
France,William Saliba,Defence,2001-03-24,France
France,Maxence Lacroix,Defence,2000-04-06,France
France,Malo Gusto,Defence,2003-05-19,France
France,N'Golo Kanté,Midfield,1991-03-29,France
France,Adrien Rabiot,Midfield,1995-04-03,France
France,Aurélien Tchouameni,Midfield,2000-01-27,France
France,Manu Koné,Midfield,2001-05-17,France
France,Rayan Cherki,Midfield,2003-08-17,France
France,Maghnes Akliouche,Midfield,2002-02-25,France
France,Desire Doue,Midfield,2005-06-03,France
France,Warren Zaïre-Emery,Midfield,2006-03-08,France
France,Jean-Philippe Mateta,Offence,1997-06-28,France
France,Ousmane Dembélé,Offence,1997-05-15,France
France,Kylian Mbappé,Offence,1998-12-20,France
France,Marcus Thuram-Ulien,Offence,1997-08-06,France
France,Michael Olise,Offence,2001-12-12,France
France,Bradley Barcola,Offence,2002-09-02,France
South Africa,Ronwen Williams,Goalkeeper,1992-01-21,South Africa
South Africa,Sipho Chaine,Goalkeeper,1996-12-14,South Africa
South Africa,Ricardo Goss,Goalkeeper,1994-04-02,South Africa
South Africa,Aubrey Modiba,Defence,1995-07-22,South Africa
South Africa,Nkosinathi Sibisi,Defence,1995-09-22,South Africa
South Africa,Khuliso Mudau,Defence,1995-04-26,South Africa
South Africa,Olwethu Makhanya,Defence,2004-04-30,South Africa
South Africa,Bradley Cross,Defence,2001-01-30,South Africa
South Africa,Samukelo Kabini,Defence,2004-03-15,South Africa
South Africa,Ime Okon,Defence,2004-02-20,South Africa
South Africa,Mbekezeli Mbokazi,Defence,2005-09-19,South Africa
South Africa,Khulumani Ndamane,Defence,2004-02-05,South Africa
South Africa,Tholo Matuludi,Defence,1999-01-14,South Africa
South Africa,Themba Zwane,Midfield,1989-08-03,South Africa
South Africa,Teboho Mokoena,Midfield,1997-01-24,South Africa
South Africa,Sphephelo Sithole,Midfield,1999-03-03,South Africa
South Africa,Jayden Adams,Midfield,2001-05-05,South Africa
South Africa,Thapelo Maseko,Midfield,2003-11-11,South Africa
South Africa,Thalente Mbatha,Midfield,2000-03-06,South Africa
South Africa,Kamogelo Sebelebele,Midfield,2002-07-21,South Africa
South Africa,Lyle Foster,Offence,2000-09-04,South Africa
South Africa,Oswin Appollis,Offence,2001-08-25,South Africa
South Africa,Iqraam Rayners,Offence,1995-12-19,South Africa
South Africa,Evidence Makgopa,Offence,2000-06-05,South Africa
South Africa,Relebohile Mofokeng,Offence,2004-10-23,South Africa
South Africa,Tshepang Moremi,Offence,2000-10-02,South Africa
Algeria,Luca Zidane,Goalkeeper,1998-05-13,Algeria
Algeria,Oussama Benbout,Goalkeeper,1994-10-11,Algeria
Algeria,Melvin Mastil,Goalkeeper,2000-02-19,France
Algeria,Aïssa Mandi,Defence,1991-10-22,Algeria
Algeria,Rayan Aït Nouri,Defence,2001-06-06,Algeria
Algeria,Ramy Bensebaini,Defence,1995-04-16,Algeria
Algeria,Samir Chergui,Defence,1999-02-06,Algeria
Algeria,Jaouen Hadjam,Defence,2003-03-26,Algeria
Algeria,Rafik Belghali,Defence,2002-06-07,Algeria
Algeria,Zinédine Belaïd,Defence,1999-03-20,Algeria
Algeria,Amine Tougai,Defence,2000-01-22,Algeria
Algeria,Achref Abada,Defence,1999-06-15,Algeria
Algeria,Nabil Bentaleb,Midfield,1994-11-24,Algeria
Algeria,Houssem Aouar,Midfield,1998-06-30,Algeria
Algeria,Hicham Boudaoui,Midfield,1999-09-23,Algeria
Algeria,Ramiz Zerrouki,Midfield,1998-05-26,Algeria
Algeria,Fares Chaïbi,Midfield,2002-11-28,Algeria
Algeria,Ibrahim Maza,Midfield,2005-11-24,Algeria
Algeria,Yacine Titraoui,Midfield,2003-07-26,Algeria
Algeria,Adil Boulbina,Midfield,2003-05-02,Algeria
Algeria,Riyad Mahrez,Offence,1991-02-21,Algeria
Algeria,Amine Gouiri,Offence,2000-02-16,Algeria
Algeria,Mohammed Amoura,Offence,2000-05-09,Algeria
Algeria,Nadhir Benbouali,Offence,2000-04-17,Algeria
Algeria,Anis Moussa,Offence,2002-02-11,Algeria
Algeria,Farés Ghedjemis,Offence,2002-09-06,Algeria
Australia,Maty Ryan,Goalkeeper,1992-04-08,Australia
Australia,Paul Izzo,Goalkeeper,1995-01-06,Australia
Australia,Patrick Beach,Goalkeeper,2003-08-06,Australia
Australia,Aziz Behich,Defence,1990-12-16,Australia
Australia,Miloš Degenek,Defence,1994-04-28,Australia
Australia,Kai Trewin,Defence,2001-05-18,Australia
Australia,Jacob Italiano,Defence,2001-07-30,Australia
Australia,Cameron Burgess,Defence,1995-10-21,Australia
Australia,Harry Souttar,Defence,1998-10-22,Australia
Australia,Jason Geria,Defence,1993-05-10,Australia
Australia,Jordan Bos,Defence,2002-10-29,Australia
Australia,Alessandro Circati,Defence,2003-10-10,Australia
Australia,Lucas Herrington,Defence,2007-09-05,Australia
Australia,Mathew Leckie,Midfield,1991-02-04,Australia
Australia,Jackson Irvine,Midfield,1993-03-07,Australia
Australia,Connor Metcalfe,Midfield,1999-11-05,Australia
Australia,Ajdin Hrustic,Midfield,1996-07-05,Australia
Australia,Aiden O'Neill,Midfield,1998-07-04,Australia
Australia,Awer Mabil,Midfield,1995-09-15,Australia
Australia,Cameron Devlin,Midfield,1998-06-07,Australia
Australia,Paul Okon-Engstler,Midfield,2005-01-24,Australia
Australia,Mohamed Toure,Offence,2004-03-26,Australia
Australia,Nishan Velupillay,Offence,2001-05-07,Australia
Australia,Cristian Volpato,Offence,2003-11-15,Italy
Australia,Nestor Irankunda,Offence,2006-02-09,Australia
Australia,Tete Yengi,Offence,2000-11-28,Australia
New Zealand,Max Crocombe,Goalkeeper,1993-08-12,New Zealand
New Zealand,Michael Woud,Goalkeeper,1999-01-16,New Zealand
New Zealand,Alex Paulsen,Goalkeeper,2002-07-04,New Zealand
New Zealand,Liberato Cacace,Defence,2000-09-27,New Zealand
New Zealand,Tommy Smith,Defence,1990-03-31,New Zealand
New Zealand,Michael Boxall,Defence,1988-08-18,New Zealand
New Zealand,Francis De Vries,Defence,1994-11-28,New Zealand
New Zealand,Callan Elliot,Defence,1999-07-07,New Zealand
New Zealand,Tim Payne,Defence,1994-01-10,New Zealand
New Zealand,Nando Pijnaker,Defence,1999-02-25,New Zealand
New Zealand,Finn Surman,Defence,2003-09-23,New Zealand
New Zealand,Tyler Bindon,Defence,2005-01-27,New Zealand
New Zealand,Alex Rufer,Midfield,1996-06-12,New Zealand
New Zealand,Sarpreet Singh,Midfield,1999-02-20,New Zealand
New Zealand,Ryan Thomas,Midfield,1994-12-20,New Zealand
New Zealand,Callum McCowatt,Midfield,1999-04-30,New Zealand
New Zealand,Joe Bell,Midfield,1999-04-27,New Zealand
New Zealand,Marko Stamenic,Midfield,2002-02-19,New Zealand
New Zealand,Ben Old,Midfield,2002-08-13,New Zealand
New Zealand,Kosta Barbarouses,Offence,1990-02-19,New Zealand
New Zealand,Logan Rogerson,Offence,1998-05-28,New Zealand
New Zealand,Chris Wood,Offence,1991-12-07,New Zealand
New Zealand,Ben Waine,Offence,2001-06-11,New Zealand
New Zealand,Elijah Just,Offence,2000-05-01,New Zealand
New Zealand,Lachlan Bayliss,Offence,2002-07-24,New Zealand
New Zealand,Jesse Randall,Offence,2002-08-19,New Zealand
Switzerland,Gregor Kobel,Goalkeeper,1997-12-06,Switzerland
Switzerland,Yvon Mvogo,Goalkeeper,1994-06-06,Switzerland
Switzerland,Marvin Keller,Goalkeeper,2002-07-03,Switzerland
Switzerland,Manuel Akanji,Defence,1995-07-19,Switzerland
Switzerland,Ricardo Rodriguez,Defence,1992-08-25,Switzerland
Switzerland,Silvan Widmer,Defence,1993-03-05,Switzerland
Switzerland,Nico Elvedi,Defence,1996-09-30,Switzerland
Switzerland,Eray Cömert,Defence,1998-02-04,Switzerland
Switzerland,Miro Muheim,Defence,1998-03-24,Switzerland
Switzerland,Aurele Amenda,Defence,2003-07-31,Switzerland
Switzerland,Luca Jaquez,Defence,2003-06-02,Switzerland
Switzerland,Remo Freuler,Midfield,1992-04-15,Switzerland
Switzerland,Granit Xhaka,Midfield,1992-09-27,Switzerland
Switzerland,Denis Zakaria,Midfield,1996-11-20,Switzerland
Switzerland,Michel Aebischer,Midfield,1997-01-06,Switzerland
Switzerland,Djibril Sow,Midfield,1997-02-06,Switzerland
Switzerland,Christian Fassnacht,Midfield,1993-11-11,Switzerland
Switzerland,Ruben Vargas,Midfield,1998-08-05,Switzerland
Switzerland,Ardon Jasari,Midfield,2002-07-30,Switzerland
Switzerland,Fabian Rieder,Midfield,2002-02-16,Switzerland
Switzerland,Johan Manzambi,Midfield,2005-10-14,Switzerland
Switzerland,Breel Embolo,Offence,1997-02-14,Switzerland
Switzerland,Noah Okafor,Offence,2000-05-24,Switzerland
Switzerland,Cédric Itten,Offence,1996-12-27,Switzerland
Switzerland,Dan Ndoye,Offence,2000-10-25,Switzerland
Switzerland,Zeki Amdouni,Offence,2000-12-04,Switzerland
Ecuador,Hernán Galíndez,Goalkeeper,1987-03-30,Ecuador
Ecuador,Gonzalo Valle,Goalkeeper,1996-02-28,Ecuador
Ecuador,Moisés Ramírez,Goalkeeper,2000-09-09,Ecuador
Ecuador,Ángelo Preciado,Defence,1998-02-18,Ecuador
Ecuador,Félix Torres,Defence,1997-01-11,Ecuador
Ecuador,Pervis Estupiñán,Defence,1998-01-21,Ecuador
Ecuador,William Pacho,Defence,2001-10-16,Ecuador
Ecuador,Jackson Porozo,Defence,2000-08-04,Ecuador
Ecuador,Piero Hincapié,Defence,2002-01-09,Ecuador
Ecuador,Joel Ordoñez,Defence,2004-04-21,Ecuador
Ecuador,Yaimar Medina,Defence,2004-11-05,Ecuador
Ecuador,Alan Franco,Midfield,1998-08-21,Ecuador
Ecuador,Jordy Alcívar,Midfield,1999-08-05,Ecuador
Ecuador,Gonzalo Plata,Midfield,2000-11-01,Ecuador
Ecuador,Moisés Caicedo,Midfield,2001-11-02,Ecuador
Ecuador,Pedro Vite,Midfield,2002-03-09,Ecuador
Ecuador,Alan Minda,Midfield,2003-05-14,Ecuador
Ecuador,Ray Paez,Midfield,2007-05-04,Ecuador
Ecuador,Denil Castillo,Midfield,2004-03-24,Ecuador
Ecuador,Jordy Caicedo,Offence,1997-11-18,Ecuador
Ecuador,Enner Valencia,Offence,1989-11-04,Ecuador
Ecuador,John Yeboah,Offence,2000-06-23,Ecuador
Ecuador,Anthony Valencia,Offence,2003-07-21,Ecuador
Ecuador,Nilson Angulo,Offence,2003-06-19,Ecuador
Ecuador,Kevin Rodríguez,Offence,2000-03-04,Ecuador
Ecuador,Jeremy,Offence,2005-03-19,Ecuador
Sweden,Kristoffer Nordfeldt,Goalkeeper,1989-06-23,Sweden
Sweden,Viktor Johansson,Goalkeeper,1998-09-14,Sweden
Sweden,Jacob Widell Zetterström,Goalkeeper,1998-07-11,Sweden
Sweden,Victor Nilsson-Lindelöf,Defence,1994-07-17,Sweden
Sweden,Carl Starfelt,Defence,1995-06-01,Sweden
Sweden,Gabriel Gudmundsson,Defence,1999-04-29,Sweden
Sweden,Hjalmar Ekdal,Defence,1998-10-21,Sweden
Sweden,Eric Smith,Defence,1997-01-08,Sweden
Sweden,Daniel Svensson,Defence,2002-02-12,Sweden
Sweden,Gustaf Lagerbielke,Defence,2000-04-10,Sweden
Sweden,Isak Hien,Defence,1999-01-13,Sweden
Sweden,Herman Johansson,Defence,1997-10-16,Sweden
Sweden,Elliot Stroud,Defence,2002-06-22,Sweden
Sweden,Ken Sema,Midfield,1993-09-30,Sweden
Sweden,Mattias Svanberg,Midfield,1999-01-05,Sweden
Sweden,Jesper Karlström,Midfield,1995-06-21,Sweden
Sweden,Yasin Ayari,Midfield,2003-10-06,Sweden
Sweden,Besfort Zeneli,Midfield,2002-11-21,Sweden
Sweden,Taha Ali,Midfield,1998-07-01,Sweden
Sweden,Lucas Bergvall,Midfield,2006-02-02,Sweden
Sweden,Alexander Isak,Offence,1999-09-21,Sweden
Sweden,Viktor Gyökeres,Offence,1998-06-04,Sweden
Sweden,Gustaf Nilsson,Offence,1997-05-23,Sweden
Sweden,Benjamin Nygren,Offence,2001-07-08,Sweden
Sweden,Alexander Bernhardsson,Offence,1998-09-08,Sweden
Sweden,Anthony Elanga,Offence,2002-04-27,Sweden
Czechia,Jindřich Staněk,Goalkeeper,1996-04-27,Czech Republic
Czechia,Matej Kovar,Goalkeeper,2000-05-17,Czech Republic
Czechia,Lukáš Horníček,Goalkeeper,2002-07-13,Czech Republic
Czechia,Jaroslav Zelený,Defence,1992-08-20,Czech Republic
Czechia,Vladimir Coufal,Defence,1992-08-22,Czech Republic
Czechia,Tomáš Holeš,Defence,1993-03-31,Czech Republic
Czechia,David Zima,Defence,2000-11-08,Czech Republic
Czechia,David Jurásek,Defence,2000-08-07,Czech Republic
Czechia,Robin Hranac,Defence,2000-01-29,Czech Republic
Czechia,Štěpán Chaloupek,Defence,2003-03-08,Czech Republic
Czechia,Ladislav Krejčí,Midfield,1999-04-20,Czech Republic
Czechia,Vladimír Darida,Midfield,1990-08-08,Czech Republic
Czechia,Tomáš Souček,Midfield,1995-02-27,Czech Republic
Czechia,David Douděra,Midfield,1998-05-31,Czech Republic
Czechia,Michal Sadílek,Midfield,1999-05-31,Czech Republic
Czechia,Lukáš Provod,Midfield,1996-10-23,Czech Republic
Czechia,Pavel Šulc,Midfield,2000-12-29,Czech Republic
Czechia,Lukáš Červ,Midfield,2001-04-10,Czech Republic
Czechia,Denis Višinský,Midfield,2003-03-21,Czech Republic
Czechia,Alexandr Sojka,Midfield,2003-04-02,Czech Republic
Czechia,Hugo Sochůrek,Midfield,2008-06-07,Czech Republic
Czechia,Patrik Schick,Offence,1996-01-24,Czech Republic
Czechia,Tomáš Chorý,Offence,1995-01-26,Czech Republic
Czechia,Jan Kuchta,Offence,1997-01-08,Czech Republic
Czechia,Adam Hložek,Offence,2002-07-25,Czech Republic
Czechia,Mojmír Chytil,Offence,1999-04-29,Czech Republic
Croatia,Dominik Livaković,Goalkeeper,1995-01-09,Croatia
Croatia,Ivor Pandur,Goalkeeper,2000-03-25,Croatia
Croatia,Dominik Kotarski,Goalkeeper,2000-02-10,Croatia
Croatia,Duje Ćaleta-Car,Defence,1996-09-17,Croatia
Croatia,Marin Pongračić,Defence,1997-09-11,Croatia
Croatia,Martin Erlic,Defence,1998-01-24,Croatia
Croatia,Josip Stanišić,Defence,2000-04-02,Croatia
Croatia,Joško Gvardiol,Defence,2002-01-23,Croatia
Croatia,Josip Šutalo,Defence,2000-02-28,Croatia
Croatia,Luka Vušković,Defence,2007-02-24,Croatia
Croatia,Luka Modrić,Midfield,1985-09-09,Croatia
Croatia,Mateo Kovačić,Midfield,1994-05-06,Croatia
Croatia,Mario Pašalić,Midfield,1995-02-09,Croatia
Croatia,Nikola Vlašić,Midfield,1997-10-04,Croatia
Croatia,Nikola Moro,Midfield,1998-03-12,Croatia
Croatia,Kristijan Jakić,Midfield,1997-05-14,Croatia
Croatia,Luka Sučić,Midfield,2002-09-08,Croatia
Croatia,Petar Sucic,Midfield,2003-10-25,Croatia
Croatia,Martin Baturina,Midfield,2003-02-16,Croatia
Croatia,Toni Fruk,Midfield,2001-03-09,Croatia
Croatia,Andrej Kramarić,Offence,1991-06-19,Croatia
Croatia,Ivan Perišić,Offence,1989-02-02,Croatia
Croatia,Ante Budimir,Offence,1991-07-22,Croatia
Croatia,Petar Musa,Offence,1998-03-04,Croatia
Croatia,Marco Pašalić,Offence,2000-09-14,Croatia
Croatia,Igor Matanovic,Offence,2003-03-31,Croatia
Saudi Arabia,Mohammed Al Owais,Goalkeeper,1991-10-10,Saudi Arabia
Saudi Arabia,Nawaf Al Aqidi,Goalkeeper,2000-05-10,Saudi Arabia
Saudi Arabia,Ahmed Al Kassar,Goalkeeper,1991-05-08,Saudi Arabia
Saudi Arabia,Abdulelah Al Amri,Defence,1997-01-15,Saudi Arabia
Saudi Arabia,Saud Abdulhamid,Defence,1999-07-18,Saudi Arabia
Saudi Arabia,Ali Lajami,Defence,1996-04-24,Saudi Arabia
Saudi Arabia,Hassan Al Tambakti,Defence,1999-02-09,Saudi Arabia
Saudi Arabia,Hassan Kadesh,Defence,1992-09-27,Saudi Arabia
Saudi Arabia,Moteb Al Harbi,Defence,2000-02-20,Saudi Arabia
Saudi Arabia,Ali Majrashi,Defence,1999-10-01,Saudi Arabia
Saudi Arabia,Jehad Thakri,Defence,2001-07-21,Saudi Arabia
Saudi Arabia,Nawaf Boushal,Defence,1999-09-16,Saudi Arabia
Saudi Arabia,Salem Al Dawsari,Midfield,1991-08-19,Saudi Arabia
Saudi Arabia,Abdullah Al Khaibari,Midfield,1996-08-16,Saudi Arabia
Saudi Arabia,Nasser Al Dawsari,Midfield,1998-12-19,Saudi Arabia
Saudi Arabia,Ayman Yahya,Midfield,2001-05-14,Saudi Arabia
Saudi Arabia,Musab Al Juwayr,Midfield,2003-06-20,Saudi Arabia
Saudi Arabia,Mohammed Kanno,Midfield,1994-09-22,Saudi Arabia
Saudi Arabia,Ziyad Al-Johani,Midfield,2001-11-11,Saudi Arabia
Saudi Arabia,Mohammed Abu Al Shamat,Midfield,2002-08-11,Saudi Arabia
Saudi Arabia,Alaa Al Hejji,Midfield,1995-12-03,Saudi Arabia
Saudi Arabia,Sultan Mandash,Offence,1994-10-17,Saudi Arabia
Saudi Arabia,Saleh Al Shehri,Offence,1993-11-01,Saudi Arabia
Saudi Arabia,Abdullah Al-Hamdan,Offence,1999-09-12,Saudi Arabia
Saudi Arabia,Khalid Al Ghannam,Offence,2000-11-07,Saudi Arabia
Saudi Arabia,Firas Al Brikan,Offence,2000-05-14,Saudi Arabia
Tunisia,Aymen Dahmen,Goalkeeper,1997-01-28,Tunisia
Tunisia,Sabri Ben Hessen,Goalkeeper,1996-06-13,Tunisia
Tunisia,Abdelmouhib Chamakh,Goalkeeper,2001-08-25,Tunisia
Tunisia,Dylan Bronn,Defence,1995-06-19,Tunisia
Tunisia,Ali El Abdi,Defence,1993-12-20,Tunisia
Tunisia,Yan Valery,Defence,1999-02-22,Tunisia
Tunisia,Mortadha Ben Ouanes,Defence,1994-07-02,Tunisia
Tunisia,Omar Rekik,Defence,2001-12-20,Tunisia
Tunisia,Yassine Chikhaoui,Defence,2004-06-09,
Tunisia,Montassar Talbi,Defence,1998-05-26,Tunisia
Tunisia,Moutaz Neffati,Defence,2004-09-04,Tunisia
Tunisia,Mohamed Amine Ben Hamida,Defence,1995-12-15,Tunisia
Tunisia,Adem Arous,Defence,2004-07-17,Tunisia
Tunisia,Ellyes Skhiri,Midfield,1995-05-10,Tunisia
Tunisia,Rani Khedira,Midfield,1994-01-27,Tunisia
Tunisia,Anis Ben Slimane,Midfield,2001-03-16,Tunisia
Tunisia,Ismaël Gharbi,Midfield,2004-04-10,Tunisia
Tunisia,Hannibal Mejbri,Midfield,2003-01-21,Tunisia
Tunisia,Elias Achouri,Midfield,1999-02-10,Tunisia
Tunisia,Hadj Mahmoud,Midfield,2000-04-24,Tunisia
Tunisia,Sebastian Tounekti,Offence,2002-07-13,Tunisia
Tunisia,Firas Chaouat,Offence,1996-05-08,Tunisia
Tunisia,Elias Saad,Offence,1999-12-27,Tunisia
Tunisia,Hazem Mastouri,Offence,1997-06-18,Tunisia
Tunisia,Rayan Elloumi,Offence,2007-09-17,Tunisia
Tunisia,Khalil Ayari,Offence,2005-02-02,Tunisia
Turkey,Mert Günok,Goalkeeper,1989-03-01,Turkey
Turkey,Altay Bayındır,Goalkeeper,1998-04-14,Turkey
Turkey,Uğurcan Çakır,Goalkeeper,1996-04-05,Turkey
Turkey,Çağlar Söyüncü,Defence,1996-05-23,Turkey
Turkey,Kaan Ayhan,Defence,1994-11-10,Turkey
Turkey,Ferdi Kadıoğlu,Defence,1999-10-07,Turkey
Turkey,Mert Müldür,Defence,1999-04-03,Turkey
Turkey,Zeki Çelik,Defence,1997-02-17,Turkey
Turkey,Abdülkerim Bardakcı,Defence,1994-09-07,Turkey
Turkey,Ozan Kabak,Defence,2000-03-25,Turkey
Turkey,Merih Demiral,Defence,1998-03-05,Turkey
Turkey,Samet Akaydın,Defence,1994-03-13,Turkey
Turkey,Evren Eren Elmalı,Defence,2000-07-07,Turkey
Turkey,Salih Özcan,Midfield,1998-01-11,Turkey
Turkey,Hakan Çalhanoğlu,Midfield,1994-02-08,Turkey
Turkey,Orkun Kökçü,Midfield,2000-12-29,Turkey
Turkey,İsmail Yüksek,Midfield,1999-01-26,Turkey
Turkey,Arda Guler,Midfield,2005-02-25,Turkey
Turkey,Oguz Aydin,Midfield,2000-10-27,Turkey
Turkey,Baris Yilmaz,Midfield,2000-05-23,Turkey
Turkey,İrfan Kahveci,Midfield,1995-07-15,Turkey
Turkey,Yunus Akgün,Offence,2000-07-07,Turkey
Turkey,Muhammed Kerem Aktürkoğlu,Offence,1998-10-21,Turkey
Turkey,Deniz Gul,Offence,2004-07-02,Turkey
Turkey,Kenan Yıldız,Offence,2005-05-04,Turkey
Turkey,Can Uzun,Offence,2005-11-11,Turkey
Senegal,Edouard Mendy,Goalkeeper,1992-03-01,Senegal
Senegal,Yehvann Diouf,Goalkeeper,1999-11-16,Senegal
Senegal,Mory Diaw,Goalkeeper,1993-06-22,Senegal
Senegal,Ismail Jakobs,Defence,1999-08-17,Senegal
Senegal,Kalidou Koulibaly,Defence,1991-06-20,Senegal
Senegal,Moussa Niakhaté,Defence,1996-03-08,Senegal
Senegal,Abdoulaye Seck,Defence,1992-06-04,Senegal
Senegal,Antoine Mendy,Defence,2004-05-27,Senegal
Senegal,Mamadou Sarr,Defence,2005-08-29,Senegal
Senegal,El Hadji Diouf,Defence,2004-12-28,Senegal
Senegal,Pape Gueye,Midfield,1999-01-24,Senegal
Senegal,Idrissa Gana Guèye,Midfield,1989-09-26,Senegal
Senegal,Ismaïla Sarr,Midfield,1998-02-25,Senegal
Senegal,Krépin Diatta,Midfield,1999-02-25,Senegal
Senegal,Pathé Ciss,Midfield,1994-03-16,Senegal
Senegal,Iliman Ndiaye,Midfield,2000-03-06,Senegal
Senegal,Pape Sarr,Midfield,2002-09-14,Senegal
Senegal,Habib Diarra,Midfield,2004-01-03,Senegal
Senegal,Lamine Camara,Midfield,2004-01-01,Senegal
Senegal,Bara Ndiaye,Midfield,2007-12-31,Senegal
Senegal,Sadio Mané,Offence,1992-04-10,Senegal
Senegal,Cherif Ndiaye,Offence,1996-01-23,Senegal
Senegal,Nicolas Jackson,Offence,2001-06-20,Senegal
Senegal,Ahmadou Bamba Dieng,Offence,2000-03-23,Senegal
Senegal,Assane Diao,Offence,2005-09-07,Senegal
Senegal,Ibrahim M'Baye,Offence,2008-01-24,Senegal
Senegal,Pape Thiaw,Coach,1981-02-05,Senegal
Belgium,Thibaut Courtois,Goalkeeper,1992-05-11,Belgium
Belgium,Senne Lammens,Goalkeeper,2002-07-07,Belgium
Belgium,Mike Penders,Goalkeeper,2005-07-31,Belgium
Belgium,Timothy Castagne,Defence,1995-12-05,Belgium
Belgium,Thomas Meunier,Defence,1991-09-12,Belgium
Belgium,Brandon Mechele,Defence,1993-01-28,Belgium
Belgium,Maxim De Cuyper,Defence,2000-12-22,Belgium
Belgium,Arthur Theate,Defence,2000-05-25,Belgium
Belgium,Koni De Winter,Defence,2002-06-12,Belgium
Belgium,Zeno Debast,Defence,2003-10-24,Belgium
Belgium,Nathan Ngoy,Defence,2003-06-10,Belgium
Belgium,Joaquin Seys,Defence,2005-03-28,Belgium
Belgium,Kevin De Bruyne,Midfield,1991-06-28,Belgium
Belgium,Axel Witsel,Midfield,1989-01-12,Belgium
Belgium,Youri Tielemans,Midfield,1997-05-07,Belgium
Belgium,Dodi Lukebakio,Midfield,1997-09-24,Belgium
Belgium,Alexis Saelemaekers,Midfield,1999-06-27,Belgium
Belgium,Hans Vanaken,Midfield,1992-08-24,Belgium
Belgium,Nicolas Raskin,Midfield,2001-02-23,Belgium
Belgium,Jeremy Doku,Midfield,2002-05-27,Belgium
Belgium,Amadou Onana,Midfield,2001-08-16,Belgium
Belgium,Diego Moreira,Midfield,2004-08-06,Belgium
Belgium,Romelu Lukaku,Offence,1993-05-13,Belgium
Belgium,Leandro Trossard,Offence,1994-12-04,Belgium
Belgium,Charles De Ketelaere,Offence,2001-03-10,Belgium
Belgium,Matias Fernandez-Pardo,Offence,2005-02-03,Belgium
Morocco,Munir Mohamedi,Goalkeeper,1989-05-10,Morocco
Morocco,Yassine Bounou,Goalkeeper,1991-04-05,Morocco
Morocco,Ahmed Reda Tagnaouti,Goalkeeper,1996-04-05,Morocco
Morocco,Achraf Hakimi,Defence,1998-11-04,Morocco
Morocco,Noussair Mazraoui,Defence,1997-11-14,Morocco
Morocco,Issa Diop,Defence,1997-01-09,France
Morocco,Nayef Aguerd,Defence,1996-03-30,Morocco
Morocco,Anass Salah-Eddine,Defence,2002-01-18,Morocco
Morocco,Chadi Riad,Defence,2003-06-17,Morocco
Morocco,Redouane Halhal,Defence,2003-03-05,France
Morocco,Zakaria El Ouahdi,Defence,2001-12-31,Morocco
Morocco,Youssef Belammari,Defence,1998-09-20,Morocco
Morocco,Sofyan Amrabat,Midfield,1996-08-21,Morocco
Morocco,Brahim Diaz,Midfield,1999-08-03,Morocco
Morocco,Azzedine Ounahi,Midfield,2000-04-19,Morocco
Morocco,Ismael Saibari,Midfield,2001-01-28,Morocco
Morocco,Neil El Aynaoui,Midfield,2001-07-02,Morocco
Morocco,Bilal El Khannouss,Midfield,2005-05-09,Morocco
Morocco,Chemsdine Talbi,Midfield,2005-05-09,Morocco
Morocco,Ayyoub Bouaddi,Midfield,2007-10-02,France
Morocco,Samir El Mourabet,Midfield,2005-10-06,Morocco
Morocco,Soufiane Rahimi,Offence,1996-06-02,Morocco
Morocco,Ayoub El Kaabi,Offence,1993-06-25,Morocco
Morocco,Abdessamad Ezzalzouli,Offence,2001-12-17,Morocco
Morocco,Gessime Yassine,Offence,2005-11-22,France
Morocco,Ayoube Amaimouni-Echghouyab,Offence,2004-11-30,Morocco
Austria,Alexander Schlager,Goalkeeper,1996-02-01,Austria
Austria,Patrick Pentz,Goalkeeper,1997-01-02,Austria
Austria,Florian Wiegele,Goalkeeper,2001-03-21,Austria
Austria,David Alaba,Defence,1992-06-24,Austria
Austria,Stefan Posch,Defence,1997-05-14,Austria
Austria,Philipp Mwene,Defence,1994-01-29,Austria
Austria,Kevin Danso,Defence,1998-09-19,Austria
Austria,Marco Friedl,Defence,1998-03-16,Austria
Austria,Philipp Lienhart,Defence,1996-07-11,Austria
Austria,Michael Svoboda,Defence,1998-10-15,Austria
Austria,Alexander Prass,Defence,2001-05-26,Austria
Austria,David Affengruber,Defence,2001-03-19,Austria
Austria,Florian Grillitsch,Midfield,1995-08-07,Austria
Austria,Alessandro Schöpf,Midfield,1994-02-07,Austria
Austria,Konrad Laimer,Midfield,1997-05-27,Austria
Austria,Marcel Sabitzer,Midfield,1994-03-17,Austria
Austria,Xaver Schlager,Midfield,1997-09-28,Austria
Austria,Romano Schmid,Midfield,2000-01-27,Austria
Austria,Christoph Baumgartner,Midfield,1999-08-01,Austria
Austria,Nicolas  Seiwald,Midfield,2001-05-04,Austria
Austria,Patrick Wimmer,Midfield,2001-05-30,Austria
Austria,Carney Chukwuemeka,Midfield,2003-10-20,Austria
Austria,Paul Wanner,Midfield,2005-12-23,Austria
Austria,Michael Gregoritsch,Offence,1994-04-18,Austria
Austria,Marko Arnautovic,Offence,1989-04-19,Austria
Austria,Saša Kalajdžić,Offence,1997-07-07,Austria
Colombia,Camilo Vargas,Goalkeeper,1989-03-09,Colombia
Colombia,David Ospina,Goalkeeper,1988-08-31,Colombia
Colombia,Álvaro Montero,Goalkeeper,1995-03-29,Colombia
Colombia,Santiago Arias,Defence,1992-01-13,Colombia
Colombia,Johan Mojica,Defence,1992-08-21,Colombia
Colombia,Yerry Mina,Defence,1994-09-23,Colombia
Colombia,Davinson Sánchez,Defence,1996-06-12,Colombia
Colombia,Deiver Machado,Defence,1993-09-02,Colombia
Colombia,Daniel Muñoz,Defence,1996-05-26,Colombia
Colombia,Jhon Lucumí,Defence,1998-06-26,Colombia
Colombia,Willer Ditta,Defence,1997-01-23,Colombia
Colombia,James Rodríguez,Midfield,1991-07-12,Colombia
Colombia,Juan Fernando Quintero,Midfield,1993-01-18,Colombia
Colombia,Jefferson Lerma,Midfield,1994-10-25,Colombia
Colombia,Jhon Arias,Midfield,1997-09-21,Colombia
Colombia,Jorge Carrascal,Midfield,1998-05-25,Colombia
Colombia,Kevin Castaño,Midfield,2000-09-29,Colombia
Colombia,Jaminton Campaz,Midfield,2000-05-24,Colombia
Colombia,Richard Rios,Midfield,2000-06-02,Colombia
Colombia,Juan Portilla,Midfield,1998-09-12,Colombia
Colombia,Gustavo Puerta,Midfield,2003-07-23,Colombia
Colombia,Jhon Córdoba,Offence,1993-05-11,Colombia
Colombia,Luis Díaz,Offence,1997-01-13,Colombia
Colombia,Luis Suárez,Offence,1997-12-02,Colombia
Colombia,Cucho Hernández,Offence,1999-04-20,Colombia
Colombia,Carlos Gómez,Offence,2002-09-12,Colombia
Egypt,Mohamed El Shenawy,Goalkeeper,1988-12-18,Egypt
Egypt,Mohamed Alaa,Goalkeeper,1999-09-01,Egypt
Egypt,Oufa Shobeir,Goalkeeper,2000-03-17,Egypt
Egypt,El Mahdi Soliman,Goalkeeper,1987-06-08,Egypt
Egypt,Karim Hafez,Defence,1996-03-12,Egypt
Egypt,Mohamed Hany,Defence,1996-01-25,Egypt
Egypt,Yasser Ibrahim,Defence,1993-02-10,Egypt
Egypt,Ahmed El Fotouh,Defence,1998-03-22,Egypt
Egypt,Mohamed Abdelmonem,Defence,1999-02-01,Egypt
Egypt,Rami Rabia,Defence,1993-05-20,Egypt
Egypt,Hossam Abdelmaguid,Defence,2001-04-30,Egypt
Egypt,Tarek Alaa,Defence,2002-01-05,Egypt
Egypt,Zizo,Midfield,1996-01-10,Egypt
Egypt,Nabil Dunga,Midfield,1996-04-06,Egypt
Egypt,Hamdy Fathy,Midfield,1994-09-29,Egypt
Egypt,Trezeguet,Midfield,1994-10-01,Egypt
Egypt,Emam Ashour,Midfield,1998-02-20,Egypt
Egypt,Mohanad Lashin,Midfield,1996-05-29,Egypt
Egypt,Marwan Attia,Midfield,1998-08-12,Egypt
Egypt,Mahmoud Saber,Midfield,2001-07-30,Egypt
Egypt,Mostafa Ziko,Midfield,1997-04-27,Egypt
Egypt,Mohamed Salah,Offence,1992-06-15,Egypt
Egypt,Omar Marmoush,Offence,1999-02-07,Egypt
Egypt,Haissem Hassan,Offence,2002-02-08,Egypt
Egypt,Ibrahim Adel,Offence,2001-04-24,Egypt
Egypt,Hamza Abdelkarim,Offence,2008-01-01,Egypt
Canada,Maxime Crépeau,Goalkeeper,1994-05-11,Canada
Canada,Dayne St. Clair,Goalkeeper,1997-05-09,Canada
Canada,Owen Goodman,Goalkeeper,2003-11-27,Canada
Canada,Alphonso Davies,Defence,2000-11-02,Canada
Canada,Richie Laryea,Defence,1995-01-07,Canada
Canada,Alfie Jones,Defence,1997-10-07,Canada
Canada,Joel Waterman,Defence,1996-01-24,Canada
Canada,Derek Cornelius,Defence,1997-11-25,Canada
Canada,Alistair Johnston,Defence,1998-10-08,Canada
Canada,Moise Bombito,Defence,2000-03-30,Canada
Canada,Luc De Fougerolles,Defence,2005-10-12,Canada
Canada,Jonathan Osorio,Midfield,1992-12-06,Canada
Canada,Stephen Eustáquio,Midfield,1996-12-21,Canada
Canada,Mathieu Choinière,Midfield,1999-02-07,Canada
Canada,Tajon Buchanan,Midfield,1999-02-08,Canada
Canada,Marcelo Flores,Midfield,2003-10-01,Canada
Canada,Nathan-Dylan Saliba,Midfield,2004-02-07,Canada
Canada,Ismael Kone,Midfield,2002-06-06,Canada
Canada,Ali Ahmed,Midfield,2000-10-10,Canada
Canada,Niko Sigur,Midfield,2003-09-09,Canada
Canada,Jonathan David,Offence,2000-01-14,Canada
Canada,Cyle Larin,Offence,1995-04-17,Canada
Canada,Liam Millar,Offence,1999-09-27,Canada
Canada,Jacob Shaffelburg,Offence,1999-11-26,Canada
Canada,Tani Oluwaseyi,Offence,2000-05-15,Canada
Canada,Promise Akinpelu,Offence,2001-07-03,Canada
Haiti,Alexandre Pierre,Goalkeeper,2001-02-25,Haiti
Haiti,Johny Placide,Goalkeeper,1988-01-29,Haiti
Haiti,Josué Duverger,Goalkeeper,2000-04-27,Haiti
Haiti,Carlens Arcus,Defence,1996-06-28,Haiti
Haiti,Jean-Kevin Duverne,Defence,1997-08-12,Haiti
Haiti,Hannes Delcroix,Defence,1999-02-28,Haiti
Haiti,Martin Expérience,Defence,1999-03-09,Haiti
Haiti,Ricardo Adé,Defence,1990-05-21,Haiti
Haiti,Duke LaCroix,Defence,1993-10-14,Haiti
Haiti,Garven-Michee Metusala,Defence,1999-12-31,Haiti
Haiti,Keeto Thermoncy,Defence,2006-03-29,Haiti
Haiti,Wilguens Paugain,Defence,2001-08-24,Haiti
Haiti,Jean-Ricner Bellegarde,Midfield,1998-06-27,Haiti
Haiti,Derrick Etienne,Midfield,1996-11-25,Haiti
Haiti,Danley Jean Jacques,Midfield,2000-05-20,Haiti
Haiti,Dominique Simon,Midfield,2000-07-29,Haiti
Haiti,Carl Sainté,Midfield,2002-08-09,Haiti
Haiti,Woodensky Pierre,Midfield,2004-12-30,Haiti
Haiti,Duckens Nazon,Offence,1994-04-07,Haiti
Haiti,Frantzdy Pierrot,Offence,1995-03-29,Haiti
Haiti,Yassin Fortune,Offence,1999-01-30,Haiti
Haiti,Wilson Isidor,Offence,2000-08-27,Haiti
Haiti,Lenny Joseph,Offence,2000-10-12,Haiti
Haiti,Louicius Don Deedson,Offence,2001-02-11,Haiti
Haiti,Josué Casimir,Offence,2001-09-24,Haiti
Haiti,Ruben Providence,Offence,2001-07-07,Haiti
Iran,Hossein Hosseini,Goalkeeper,1992-06-30,Iran
Iran,Payam Niazmand,Goalkeeper,1995-04-06,Iran
Iran,Alireza Beiranvand,Goalkeeper,1992-09-21,Iran
Iran,Ehsan Hajsafi,Defence,1990-02-25,Iran
Iran,Ramin Rezaeian,Defence,1990-03-21,Iran
Iran,Milad Mohammadi,Defence,1993-09-29,Iran
Iran,Hossein Kanaanizadegan,Defence,1994-03-23,Iran
Iran,Shojae Khalilzadeh,Defence,1989-05-14,Iran
Iran,Rouzbeh Cheshmi,Defence,1993-07-24,Iran
Iran,Saleh Hardani,Defence,1998-12-26,Iran
Iran,Ali Nemati,Defence,1996-02-07,Iran
Iran,Danial Eiri,Defence,2003-10-26,Iran
Iran,Saeid Ezatolahi,Midfield,1996-10-01,Iran
Iran,Mehdi Torabi,Midfield,1994-09-10,Iran
Iran,Mohammad Ghorbani,Midfield,2001-05-21,Iran
Iran,Ariya Yousefi,Midfield,2002-04-22,Iran
Iran,Medhi Ghayedi,Midfield,1998-12-05,Iran
Iran,Amir Razzaghinia,Midfield,2006-04-11,Iran
Iran,Alireza Jahanbakhsh,Offence,1993-08-11,Iran
Iran,Mehdi Taremi,Offence,1992-07-18,Iran
Iran,Dennis Eckert,Offence,1997-01-09,Iran
Iran,Ali Alipour,Offence,1995-11-11,Iran
Iran,Shahriar Moghanlou,Offence,1994-12-21,Iran
Iran,Mohammad Mohebi,Offence,1998-12-20,Iran
Iran,Saman Ghoddos,Offence,1993-09-06,Iran
Iran,Amir Hosseinzadeh,Offence,2000-10-30,Iran
Bosnia-Herzegovina,Martin Zlomislić,Goalkeeper,1998-08-16,Bosnia-Herzegovina
Bosnia-Herzegovina,Nikola Vasilj,Goalkeeper,1995-12-02,Bosnia-Herzegovina
Bosnia-Herzegovina,Mladen Jurkas,Goalkeeper,2007-10-07,Bosnia-Herzegovina
Bosnia-Herzegovina,Sead Kolašinac,Defence,1993-06-20,Bosnia-Herzegovina
Bosnia-Herzegovina,Dennis Hadžikadunić,Defence,1998-07-09,Bosnia-Herzegovina
Bosnia-Herzegovina,Nihad Mujakić,Defence,1998-04-15,Bosnia-Herzegovina
Bosnia-Herzegovina,Nikola Katić,Defence,1996-10-10,Bosnia-Herzegovina
Bosnia-Herzegovina,Stjepan Radeljić,Defence,1997-09-05,Bosnia-Herzegovina
Bosnia-Herzegovina,Amar Dedić,Defence,2002-08-18,Austria
Bosnia-Herzegovina,Tarik Muharemović,Defence,2003-02-28,Bosnia-Herzegovina
Bosnia-Herzegovina,Arjan Malic,Defence,2005-08-28,Bosnia-Herzegovina
Bosnia-Herzegovina,Dženis Burnić,Midfield,1998-05-22,Bosnia-Herzegovina
Bosnia-Herzegovina,Ivan Šunjić,Midfield,1996-10-09,Bosnia-Herzegovina
Bosnia-Herzegovina,Amir Hadžiahmetović,Midfield,1997-03-08,Bosnia-Herzegovina
Bosnia-Herzegovina,Armin Gigovic,Midfield,2002-04-06,Bosnia-Herzegovina
Bosnia-Herzegovina,Ivan Bašić,Midfield,2002-04-30,Bosnia-Herzegovina
Bosnia-Herzegovina,Benjamin Tahirovic,Midfield,2003-03-03,Bosnia-Herzegovina
Bosnia-Herzegovina,Ermin Mahmic,Midfield,2005-03-14,Bosnia and Herzegovina
Bosnia-Herzegovina,Amar Memić,Midfield,2001-01-20,Bosnia-Herzegovina
Bosnia-Herzegovina,Edin Džeko,Offence,1986-03-17,Bosnia-Herzegovina
Bosnia-Herzegovina,Jovo Lukić,Offence,1998-11-28,Bosnia-Herzegovina
Bosnia-Herzegovina,Ermedin Demirovic,Offence,1998-03-25,Bosnia-Herzegovina
Bosnia-Herzegovina,Haris Tabaković,Offence,1994-06-20,Bosnia-Herzegovina
Bosnia-Herzegovina,Samed Bazdar,Offence,2004-01-31,Bosnia-Herzegovina
Bosnia-Herzegovina,Esmir Bajraktarevic,Offence,2005-03-10,Bosnia-Herzegovina
Bosnia-Herzegovina,Kerim Alajbegović,Offence,2007-09-21,Bosnia-Herzegovina
Panama,Luis Mejía,Goalkeeper,1991-03-16,Panama
Panama,Orlando Mosquera,Goalkeeper,1994-12-25,Panama
Panama,Cesar Samudio,Goalkeeper,1994-03-23,Panama
Panama,Roderick Miller,Defence,1992-04-03,Panama
Panama,Fidel Escobar,Defence,1995-01-09,Panama
Panama,Éric Davis,Defence,1991-03-31,Panama
Panama,Andrés Andrade,Defence,1998-10-16,Panama
Panama,César Blackman,Defence,1998-04-02,Panama
Panama,Jiovany Ramos,Defence,1997-01-26,Panama
Panama,José Cordoba,Defence,2001-06-03,Panama
Panama,Michael Murillo,Defence,1996-02-11,Panama
Panama,Edgardo Fariña,Defence,2001-09-21,Panama
Panama,Jorge Gutiérrez,Defence,1998-09-01,Panama
Panama,Adalberto Carrasquilla,Midfield,1998-11-28,Panama
Panama,José Luis Rodríguez,Midfield,1998-06-19,Panama
Panama,Cecilio Waterman,Midfield,1991-04-13,Panama
Panama,Édgar Bárcenas,Midfield,1993-10-23,Panama
Panama,Aníbal Godoy,Midfield,1990-02-10,Panama
Panama,Alberto Quintero,Midfield,1987-12-18,Panama
Panama,Carlos Harvey,Midfield,2000-02-03,Panama
Panama,César Yanis,Midfield,1996-01-28,Panama
Panama,Christian Martinez,Midfield,1997-02-06,Panama
Panama,José Fajardo,Offence,1993-08-18,Panama
Panama,Ismael Díaz,Offence,1997-05-12,Panama
Panama,Tomas Rodriguez,Offence,1999-03-09,Panama
Panama,Azarias Londoño,Offence,2001-06-21,Panama
Cape Verde Islands,Márcio Rosa,Goalkeeper,1997-02-23,Cape Verde Islands
Cape Verde Islands,Vózinha,Goalkeeper,1986-06-03,Cape Verde Islands
Cape Verde Islands,C.J. dos Santos,Goalkeeper,2000-08-24,Cape Verde Islands
Cape Verde Islands,Steven Moreira,Defence,1994-08-13,Cape Verde Islands
Cape Verde Islands,Logan Costa,Defence,2001-04-01,Cape Verde Islands
Cape Verde Islands,Roberto Lopes,Defence,1992-06-17,Cape Verde Islands
Cape Verde Islands,Diney Borges,Defence,1995-01-17,Cape Verde Islands
Cape Verde Islands,Stopira,Defence,1988-05-20,Cape Verde Islands
Cape Verde Islands,Sidny Lopes Cabral,Defence,2002-09-18,Cape Verde Islands
Cape Verde Islands,Wagner Pina,Defence,2002-11-03,Cape Verde Islands
Cape Verde Islands,Kelvin Pires,Defence,2000-06-05,Cape Verde Islands
Cape Verde Islands,Deroy Duarte,Midfield,1999-07-04,Cape Verde Islands
Cape Verde Islands,Garry Rodrigues,Midfield,1990-11-27,Cape Verde Islands
Cape Verde Islands,Kevin Pina,Midfield,1997-01-27,Cape Verde Islands
Cape Verde Islands,Laros Duarte,Midfield,1997-02-28,Cape Verde Islands
Cape Verde Islands,Yannick Semedo,Midfield,1995-12-29,Cape Verde Islands
Cape Verde Islands,Telmo Arcanjo,Midfield,2001-06-21,Cape Verde Islands
Cape Verde Islands,Jamiro Monteiro,Midfield,1993-11-23,Cape Verde Islands
Cape Verde Islands,João Paulo,Midfield,1998-05-26,Cape Verde Islands
Cape Verde Islands,Willy Semedo,Offence,1994-04-27,Cape Verde Islands
Cape Verde Islands,Ryan Mendes,Offence,1990-01-08,Cape Verde Islands
Cape Verde Islands,Jovane Cabral,Offence,1998-06-14,Cape Verde Islands
Cape Verde Islands,Gilson Tavares,Offence,2001-12-29,Cape Verde Islands
Cape Verde Islands,Nuno Da Costa,Offence,1991-02-10,Cape Verde Islands
Cape Verde Islands,Dailon Rocha Livramento,Offence,2001-05-04,Cape Verde Islands
Cape Verde Islands,Hélio Varela,Offence,2002-05-03,Cape Verde Islands
Congo DR,Timothy Fayulu,Goalkeeper,1999-07-24,Congo DR
Congo DR,Lionel Mpasi,Goalkeeper,1994-08-01,Congo DR
Congo DR,Matthieu Epolo,Goalkeeper,2005-01-15,Congo DR
Congo DR,Axel Tuanzebe,Defence,1997-11-14,Congo DR
Congo DR,Chancel Mbemba,Defence,1994-08-08,Congo DR
Congo DR,Aaron Wan-Bissaka,Defence,1997-11-26,Congo DR
Congo DR,Arthur Masuaku,Defence,1993-11-07,Congo DR
Congo DR,Joris Kayembe,Defence,1994-08-08,Congo DR
Congo DR,Dylan Batubinsika,Defence,1996-02-15,Congo DR
Congo DR,Gédéon Kalulu,Defence,1997-08-29,Congo DR
Congo DR,Steve Kapuadi,Defence,1998-04-30,Congo DR
Congo DR,Gaël Kakuta,Midfield,1991-06-21,Congo DR
Congo DR,Samuel Moutoussamy,Midfield,1996-08-12,Congo DR
Congo DR,Edo Kayembe,Midfield,1998-06-03,Congo DR
Congo DR,Aaron Tshibola,Midfield,1995-01-02,Congo DR
Congo DR,Charles Pickel,Midfield,1997-05-15,Congo DR
Congo DR,Noah Sadiki,Midfield,2004-12-17,Congo DR
Congo DR,Ngal'ayel Mukau,Midfield,2004-11-03,Congo DR
Congo DR,Yoane Wissa,Offence,1996-09-03,Congo DR
Congo DR,Theo Bongonda,Offence,1995-11-20,Congo DR
Congo DR,Cédric Bakambu,Offence,1991-04-11,Congo DR
Congo DR,Simon Banza,Offence,1996-08-13,Congo DR
Congo DR,Nathanael Mbuku,Offence,2002-03-16,Congo DR
Congo DR,Meschack Elia,Offence,1997-08-06,Congo DR
Congo DR,Brian Cipenga,Offence,1998-03-11,Congo DR
Congo DR,Fiston Mayele,Offence,1994-06-24,Congo DR
Ivory Coast,Yahia Fofana,Goalkeeper,2000-08-21,Ivory Coast
Ivory Coast,Alban Lafont,Goalkeeper,1999-01-23,Ivory Coast
Ivory Coast,Mohamed Kone,Goalkeeper,2002-03-07,Ivory Coast
Ivory Coast,Evan N'Dicka,Defence,1999-08-20,Ivory Coast
Ivory Coast,Christopher Operi,Defence,1997-04-29,Ivory Coast
Ivory Coast,Ghislain Konan,Defence,1995-12-27,Ivory Coast
Ivory Coast,Wilfried Singo,Defence,2000-12-25,Ivory Coast
Ivory Coast,Guela Doué,Defence,2002-10-17,Ivory Coast
Ivory Coast,Emmanuel Agbadou,Defence,1997-06-17,Ivory Coast
Ivory Coast,Odilon Kossounou,Defence,2001-01-04,Ivory Coast
Ivory Coast,Ousmane Diomande,Defence,2003-12-04,Ivory Coast
Ivory Coast,Franck Kessié,Midfield,1996-12-19,Ivory Coast
Ivory Coast,Seko Fofana,Midfield,1995-05-07,Ivory Coast
Ivory Coast,Ibrahim Sangaré,Midfield,1997-12-02,Ivory Coast
Ivory Coast,Jean Michaël Seri,Midfield,1991-07-19,Ivory Coast
Ivory Coast,Amad Diallo,Midfield,2002-07-11,Ivory Coast
Ivory Coast,Parfait Guiagon,Midfield,2001-02-22,Ivory Coast
Ivory Coast,Christ Ravynel Inao Oulaï,Midfield,2006-04-06,Ivory Coast
Ivory Coast,Nicolas Pépé,Offence,1995-05-29,Ivory Coast
Ivory Coast,Evann Guessand,Offence,2001-07-01,Ivory Coast
Ivory Coast,Ange-Yoan Bonny,Offence,2003-10-25,Ivory Coast
Ivory Coast,Sepe Elye Wahi,Offence,2003-01-02,Ivory Coast
Ivory Coast,Simon Adingra,Offence,2002-01-01,Ivory Coast
Ivory Coast,Oumar Diakite,Offence,2003-12-20,Ivory Coast
Ivory Coast,Bazoumana Touré,Offence,2006-03-02,Ivory Coast
Ivory Coast,Yan Diomandé,Offence,2006-11-14,Ivory Coast
Qatar,Salah Zakaria,Goalkeeper,1999-04-24,Qatar
Qatar,Meshaal Barsham,Goalkeeper,1998-02-14,Qatar
Qatar,Mahmoud Abunada,Goalkeeper,2000-02-05,Qatar
Qatar,Boualem Khoukhi,Defence,1990-07-09,Qatar
Qatar,Jassem Gaber Abdulsallam,Defence,2002-02-20,Qatar
Qatar,Homam Ahmed,Defence,1999-08-25,Qatar
Qatar,Ró-Ró,Defence,1990-08-06,Qatar
Qatar,Lucas Mendes,Defence,1990-07-03,Qatar
Qatar,Sultan Al Brake,Defence,1996-04-07,Qatar
Qatar,Hashemi Al Hussain,Defence,2003-08-15,Qatar
Qatar,Issa Laye,Defence,1997-12-22,Qatar
Qatar,Ayoub Al-Oui,Defence,2005-03-11,Qatar
Qatar,Assim Madibo,Midfield,1996-10-22,Qatar
Qatar,Abdulaziz Hatem,Midfield,1990-10-28,Qatar
Qatar,Karim Boudiaf,Midfield,1990-09-16,Qatar
Qatar,Ahmed Fathy,Midfield,1993-01-25,Qatar
Qatar,Yusuf Abdurisag,Midfield,1999-08-06,Qatar
Qatar,Ahmed Al Ganehi,Midfield,2000-09-22,Qatar
Qatar,Tahsin Jamshid,Midfield,2006-06-16,Qatar
Qatar,Mohamed Al-Mannai,Midfield,2003-10-30,Qatar
Qatar,Akram Afif,Offence,1996-11-18,Qatar
Qatar,Almoez Ali,Offence,1996-08-19,Qatar
Qatar,Mohammed Muntari,Offence,1993-12-20,Qatar
Qatar,Hassan Al Haydos,Offence,1990-12-11,Qatar
Qatar,Ahmed Alaa Eldin,Offence,1993-01-31,Qatar
Qatar,Edmílson,Offence,1994-08-19,Qatar
Jordan,Yazeed Abu Layla,Goalkeeper,1993-01-08,Jordan
Jordan,Abdallah Al Fakhouri,Goalkeeper,2000-01-22,Jordan
Jordan,Noureddin Bani Ateyah,Goalkeeper,1993-01-25,Jordan
Jordan,Ehsan Haddad,Defence,1994-02-05,Jordan
Jordan,Saleem Obaid,Defence,1992-01-17,Jordan
Jordan,Yazan Al Arab,Defence,1996-01-31,Jordan
Jordan,Mohammad Abualnadi,Defence,2001-02-08,Jordan
Jordan,Abdallah Naseeb,Defence,1994-02-25,Jordan
Jordan,Saed Al Rosan,Defence,1997-02-01,Jordan
Jordan,Husam Abu Dahab,Defence,2000-05-13,Jordan
Jordan,Anas Badawi,Defence,1997-09-13,Jordan
Jordan,Nizar Al Rashdan,Midfield,1999-03-23,Jordan
Jordan,Rajaei Ayed,Midfield,1993-07-25,Jordan
Jordan,Noor Al Rawabdeh,Midfield,1997-02-24,Jordan
Jordan,Mohammad Abu Hasheesh,Midfield,1995-05-09,Jordan
Jordan,Ibrahim Saadeh,Midfield,2000-04-27,Jordan
Jordan,Mohammad Al-Dawoud,Midfield,1992-12-04,Jordan
Jordan,Amer Jamous,Midfield,2002-07-03,Jordan
Jordan,Musa Al Taamari,Offence,1997-06-10,Jordan
Jordan,Mahmoud Al Mardi,Offence,1993-10-06,Jordan
Jordan,Ali Olwan,Offence,2000-03-26,Jordan
Jordan,Mohannad Abu Taha,Offence,2003-02-02,Jordan
Jordan,Mohammad Abu Zrayq,Offence,1997-12-30,Jordan
Jordan,Ibrahim Sabra,Offence,2006-02-01,Jordan
Jordan,Odeh Fakhoury,Offence,2005-11-20,Jordan
Jordan,Ali Azaizeh,Offence,2004-04-13,Jordan
Iraq,Jalal Hassan,Goalkeeper,1991-05-18,Iraq
Iraq,Fahad Talib,Goalkeeper,1994-10-21,Iraq
Iraq,Ahmed Basil,Goalkeeper,1996-08-19,Iraq
Iraq,Hussein Ali,Defence,2002-03-01,Iraq
Iraq,Merchas Doski,Defence,1999-12-07,Iraq
Iraq,Rebin Sulaka,Defence,1992-04-12,Iraq
Iraq,Mustafa Saadoun,Defence,2001-05-25,Iraq
Iraq,Ahmed Yahya,Defence,1995-07-01,Iraq
Iraq,Frans Putros,Defence,1993-07-14,Iraq
Iraq,Zaid Tahseen,Defence,2001-01-29,Iraq
Iraq,Manaf Younis,Defence,1996-11-16,Iraq
Iraq,Akam Hashem,Defence,1998-08-16,Iraq
Iraq,Amir Al Ammari,Midfield,1997-07-27,Iraq
Iraq,Kevin Yakob,Midfield,2000-10-10,Iraq
Iraq,Aimar Sher,Midfield,2002-12-20,Iraq
Iraq,Ibrahim Bayesh,Midfield,2000-05-01,Iraq
Iraq,Youssef Amyn,Midfield,2003-08-21,Iraq
Iraq,Ahmed Qasem,Midfield,2003-07-12,Iraq
Iraq,Zidane Iqbal,Midfield,2003-04-27,Iraq
Iraq,Zaid Ismail,Midfield,2002-01-03,Iraq
Iraq,Aymen Hussein,Offence,1996-03-22,Iraq
Iraq,Ali Al-Hamadi,Offence,2002-03-01,Iraq
Iraq,Marko Farji,Offence,2004-03-16,Iraq
Iraq,Ali Jassim El-Aibi,Offence,2004-01-20,Iraq
Iraq,Mohanad Ali,Offence,2000-06-20,Iraq
Iraq,Ali Yousif,Offence,1996-01-19,Iraq
Uzbekistan,Abduvakhid Nematov,Goalkeeper,2001-03-20,Uzbekistan
Uzbekistan,Botir Ergashev,Goalkeeper,1995-06-23,Uzbekistan
Uzbekistan,Utkir Yusupov,Goalkeeper,1991-01-04,Uzbekistan
Uzbekistan,Rustam Ashurmatov,Defence,1996-07-07,Uzbekistan
Uzbekistan,Umar Eshmurodov,Defence,1992-11-30,Uzbekistan
Uzbekistan,Abdukodir Khusanov,Defence,2004-02-29,Uzbekistan
Uzbekistan,Jakhongir O'rozov,Defence,2004-01-18,Uzbekistan
Uzbekistan,Farrukh Sayfiyev,Defence,1991-01-17,Uzbekistan
Uzbekistan,Khodjiakbar Alijonov,Defence,1997-04-19,Uzbekistan
Uzbekistan,Sherzod Nasrullayev,Defence,1998-07-23,Uzbekistan
Uzbekistan,Abdulla Abdullayev,Defence,1997-09-01,Uzbekistan
Uzbekistan,Bekhruz Karimov,Defence,2007-08-07,Uzbekistan
Uzbekistan,Avazbek Ulmasaliev,Defence,2000-03-27,Uzbekistan
Uzbekistan,Dostonbek Xamdamov,Midfield,1996-07-24,Uzbekistan
Uzbekistan,Otabek Shukurov,Midfield,1996-06-22,Uzbekistan
Uzbekistan,Oston Urunov,Midfield,2000-12-19,Uzbekistan
Uzbekistan,Jamshid Iskanderov,Midfield,1993-10-16,Uzbekistan
Uzbekistan,Akmal Mozgovoy,Midfield,2000-04-02,Uzbekistan
Uzbekistan,Abbosbek Fayzullaev,Midfield,2003-10-03,Uzbekistan
Uzbekistan,Azizjon Ganiev,Midfield,1998-02-22,Uzbekistan
Uzbekistan,Odiljon Hamrobekov,Midfield,1996-02-13,Uzbekistan
Uzbekistan,Sherzod Esanov,Midfield,2003-02-01,Uzbekistan
Uzbekistan,Eldor Shomurodov,Offence,1995-06-29,Uzbekistan
Uzbekistan,Igor Sergeev,Offence,1993-04-30,Uzbekistan
Uzbekistan,Ruslanbek Jiyanov,Offence,2001-06-05,Uzbekistan
Uzbekistan,Azizbek Amonov,Offence,1997-10-30,Uzbekistan
Netherlands,Mark Flekken,Goalkeeper,1993-06-13,Netherlands
Netherlands,Bart Verbruggen,Goalkeeper,2002-08-18,Netherlands
Netherlands,Robin Roefs,Goalkeeper,2003-01-17,Netherlands
Netherlands,Denzel Dumfries,Defence,1996-04-18,Netherlands
Netherlands,Virgil van Dijk,Defence,1991-07-08,Netherlands
Netherlands,Nathan Aké,Defence,1995-02-18,Netherlands
Netherlands,Jan Paul van Hecke,Defence,2000-06-08,Netherlands
Netherlands,Jurrien Timber,Defence,2001-06-17,Netherlands
Netherlands,Mickey van de Ven,Defence,2001-04-19,Netherlands
Netherlands,Jorrel Hato,Defence,2006-03-07,Netherlands
Netherlands,Marten de Roon,Midfield,1991-03-29,Netherlands
Netherlands,Donyell Malen,Midfield,1999-01-19,Netherlands
Netherlands,Frenkie de Jong,Midfield,1997-05-12,Netherlands
Netherlands,Noa Lang,Midfield,1999-06-17,Netherlands
Netherlands,Guus Til,Midfield,1997-12-22,Netherlands
Netherlands,Teun Koopmeiners,Midfield,1998-02-28,Netherlands
Netherlands,Tijjani Reijnders,Midfield,1998-07-29,Netherlands
Netherlands,Ryan Gravenberch,Midfield,2002-05-16,Netherlands
Netherlands,Mats Wieffer,Midfield,1999-11-16,Netherlands
Netherlands,Quinten Timber,Midfield,2001-06-17,Netherlands
Netherlands,Crysencio Summerville,Midfield,2001-10-30,Netherlands
Netherlands,Cody Gakpo,Offence,1999-05-07,Netherlands
Netherlands,Justin Kluivert,Offence,1999-05-05,Netherlands
Netherlands,Wout Weghorst,Offence,1992-08-07,Netherlands
Netherlands,Memphis Depay,Offence,1994-02-13,Netherlands
Netherlands,Brian Brobbey,Offence,2002-02-01,Netherlands
Norway,Ørjan Nyland,Goalkeeper,1990-09-10,Norway
Norway,Egil Selvik,Goalkeeper,1997-07-30,Norway
Norway,Sander Tangvik,Goalkeeper,2002-11-29,Norway
Norway,Kristoffer Ajer,Defence,1998-04-17,Norway
Norway,Torbjørn Heggem,Defence,1999-01-12,Norway
Norway,Fredrik Bjørkan,Defence,1998-08-21,Norway
Norway,Marcus Pedersen,Defence,2000-07-16,Norway
Norway,Julian Ryerson,Defence,1997-11-17,Norway
Norway,Leo Østigård,Defence,1999-11-28,Norway
Norway,Henrik Falchener,Defence,2003-05-08,Norway
Norway,Sondre Langås,Defence,2001-02-02,Norway
Norway,David Wolfe,Defence,2002-04-23,Norway
Norway,Morten Thorsby,Midfield,1996-05-05,Norway
Norway,Martin Ødegaard,Midfield,1998-12-17,Norway
Norway,Sander Berge,Midfield,1998-02-14,Norway
Norway,Patrick Berg,Midfield,1997-11-24,Norway
Norway,Fredrik Aursnes,Midfield,1995-12-10,Norway
Norway,Kristian Thorstvedt,Midfield,1999-03-13,Norway
Norway,Thelo Aasgaard,Midfield,2002-05-02,Norway
Norway,Antonio Nusa,Midfield,2005-04-17,Norway
Norway,Oscar Bobb,Midfield,2003-07-12,Norway
Norway,Alexander Sørloth,Offence,1995-12-05,Norway
Norway,Jens Hauge,Offence,1999-10-12,Norway
Norway,Erling Haaland,Offence,2000-07-21,Norway
Norway,Andreas Schjelderup,Offence,2004-06-01,Norway
Norway,Jørgen Strand Larsen,Offence,2000-02-06,Norway
Scotland,Angus Gunn,Goalkeeper,1996-01-22,Scotland
Scotland,Craig Gordon,Goalkeeper,1982-12-31,Scotland
Scotland,Liam Kelly,Goalkeeper,1996-01-23,Scotland
Scotland,Grant Hanley,Defence,1991-11-20,Scotland
Scotland,Dominic Hyam,Defence,1995-12-20,Scotland
Scotland,Andrew Robertson,Defence,1994-03-11,Scotland
Scotland,Kieran Tierney,Defence,1997-06-05,Scotland
Scotland,Jack Hendry,Defence,1995-05-07,Scotland
Scotland,Anthony Ralston,Defence,1998-11-16,Scotland
Scotland,John Souttar,Defence,1996-09-25,Scotland
Scotland,Scott McKenna,Defence,1996-11-12,Scotland
Scotland,Aaron Hickey,Defence,2002-01-01,Scotland
Scotland,Nathan Patterson,Defence,2001-10-16,Scotland
Scotland,Scott McTominay,Midfield,1996-12-08,Scotland
Scotland,Kenny McLean,Midfield,1992-01-08,Scotland
Scotland,Ryan Christie,Midfield,1995-02-22,Scotland
Scotland,Lewis Ferguson,Midfield,1999-08-24,Scotland
Scotland,John McGinn,Midfield,1994-10-18,Scotland
Scotland,Ben Doak,Midfield,2005-11-11,Scotland
Scotland,Findlay Curtis,Midfield,,Scotland
Scotland,Tyler Fletcher,Midfield,2007-03-19,England
Scotland,Che Adams,Offence,1996-07-13,Scotland
Scotland,George Hirst,Offence,1999-02-15,Scotland
Scotland,Ross Stewart,Offence,1996-07-11,Scotland
Scotland,Lyndon Dykes,Offence,1995-10-07,Scotland
Scotland,Lawrence Shankland,Offence,1995-08-10,Scotland
Curaçao,Trevor Doornbusch,Goalkeeper,1999-07-06,Curaçao
Curaçao,Eloy Room,Goalkeeper,1989-02-06,Curaçao
Curaçao,Tyrick Bodak,Goalkeeper,2002-02-15,Curaçao
Curaçao,Roshon van Eijma,Defence,1998-06-09,Curaçao
Curaçao,Joshua Brenet,Defence,1994-03-20,Curaçao
Curaçao,Armando Obispo,Defence,1999-03-05,Curaçao
Curaçao,Sheral Floranus,Defence,1998-08-23,Curaçao
Curaçao,Riechedly Bazoer,Defence,1996-10-12,Curaçao
Curaçao,Juriën Gaari,Defence,1993-12-23,Curaçao
Curaçao,Shurandy Sambo,Defence,2001-08-19,Curaçao
Curaçao,Ar'jany Martha,Defence,2003-09-04,Curaçao
Curaçao,Livano Comenencia,Defence,2004-02-03,Curaçao
Curaçao,Deveron Fonville,Defence,2003-05-16,Curaçao
Curaçao,Tyrese Noslin,Defence,2002-09-11,Curaçao
Curaçao,Leandro Bacuna,Midfield,1991-08-21,Curaçao
Curaçao,Godfried Roemeratoe,Midfield,1999-08-19,Curaçao
Curaçao,Juninho Bacuna,Midfield,1997-08-07,Curaçao
Curaçao,Kevin Felida,Midfield,1999-11-11,Curaçao
Curaçao,Gervane Kastaneer,Offence,1996-06-09,Curaçao
Curaçao,Kenji Gorré,Offence,1994-09-29,Curaçao
Curaçao,Jürgen Locadia,Offence,1993-11-07,Curaçao
Curaçao,Tahith Chong,Offence,1999-12-04,Curaçao
Curaçao,Sontje Hansen,Offence,2002-05-18,Curaçao
Curaçao,Jearl Margaritha,Offence,2000-04-10,Curaçao
Curaçao,Jeremy Antonisse,Offence,2002-03-29,Curaçao
Curaçao,Brandley Kuwas,Offence,1992-09-19,Curaçao
